CENTRAL POLLUTION CONTROL BOARD,,,,,,,,,,,,,,,
CONTINUOUS AMBIENT AIR QUALITY,,,,,,,,,,,,,,,
"Date: Sunday, Nov 09 2025",,,,,,,,,,,,,,,
Time: 07:13:32 PM,,,,,,,,,,,,,,,
State,Karnataka,,,,,,,,,,,,,,
City,Bengaluru,,,,,,,,,,,,,,
Station,"Hebbal, Bengaluru - KSPCB",,,,,,,,,,,,,,
Parameter,"PM2.5,PM10,NO2,NH3,SO2,CO,Ozone,Benzene,Temp,RH,WS,WD,BP,AT",,,,,,,,,,,,,,
AvgPeriod,24 Hours,,,,,,,,,,,,,,
From,03-01-2024T00:00:00Z 00:00,,,,,,,,,,,,,,
To,30-09-2025T19:12:59Z 00:00,,,,,,,,,,,,,,
,,,,,,,,,,,,,,,
"Hebbal, Bengaluru - KSPCB",,,,,,,,,,,,,,,
Prescribed Standards, ,0-80,0-100,0-80,0-400,0-80,0-2,0-80,0-80,0-80,0-80,0-80,0-80,0-80,NA
Exceeding Standards, ,NA,NA,NA,NA,NA,NA,NA,NA,NA,NA,NA,NA,NA,NA
Remarks,,,,,,,,,,,,,,,
From Date,To Date,PM2.5,PM10,NO2,NH3,SO2,CO,Ozone,Benzene,Temp,RH,WS,WD,BP,AT
03-01-2024 00:00,04-01-2024 00:00,55.75,91.74,3.78,4.9,10.29,0.42,11.97,0.1,30.08,87.05,0.46,95.29,None,22.28
04-01-2024 00:00,05-01-2024 00:00,60.64,97.47,3.74,4.9,11.63,0.38,9.08,0.1,30.32,90.06,0.74,88.37,None,22.2
05-01-2024 00:00,06-01-2024 00:00,43.57,72.25,3.77,4.9,10.63,0.37,9.1,0.1,30.44,88.68,0.87,88.8,None,22.87
06-01-2024 00:00,07-01-2024 00:00,38.88,69.54,3.78,4.9,10.8,0.36,8.02,0.1,30.42,86.12,0.86,85.71,None,23.43
07-01-2024 00:00,08-01-2024 00:00,31.91,59.56,3.77,4.9,10.69,0.35,7.47,0.1,30.47,82.52,0.91,92.5,None,23.76
08-01-2024 00:00,09-01-2024 00:00,22.95,42.39,3.77,4.89,7.99,0.36,8.36,0.09,31,89.12,0.88,88.6,None,21.24
09-01-2024 00:00,10-01-2024 00:00,33.64,64.2,3.77,4.9,8.91,0.36,7.37,0.1,30.3,84.55,0.91,None,None,21.95
10-01-2024 00:00,11-01-2024 00:00,39.93,74.88,3.74,4.91,9.12,0.38,7.37,0.09,30.39,84.62,1.01,96.33,None,22.35
11-01-2024 00:00,12-01-2024 00:00,44.76,82.32,3.76,4.9,8.34,0.37,7.59,0.1,30.47,76.04,0.88,90.2,None,23.47
12-01-2024 00:00,13-01-2024 00:00,49.07,89.96,3.75,4.9,7.97,0.36,7.51,0.1,30.47,79.07,0.98,None,None,22.67
13-01-2024 00:00,14-01-2024 00:00,69.25,110.73,3.78,4.9,8.4,0.37,7.62,0.1,30.51,79.91,0.74,80.74,None,22.76
14-01-2024 00:00,15-01-2024 00:00,85.46,124.98,3.75,4.9,7.62,0.36,7.82,0.11,30.55,75.58,0.7,79.58,None,23.59
15-01-2024 00:00,16-01-2024 00:00,76.47,117.02,3.76,4.91,8.58,0.37,7.71,0.1,30.51,77.3,0.7,83.38,None,23.44
16-01-2024 00:00,17-01-2024 00:00,79.09,113.59,3.76,4.9,10,0.33,8.74,0.1,30.27,91.35,0.81,91.71,None,19.4
17-01-2024 00:00,18-01-2024 00:00,67.72,126.67,3.74,4.9,9.85,0.36,10.55,0.14,30.58,70.19,0.65,80.12,None,26.04
18-01-2024 00:00,19-01-2024 00:00,75.61,107.59,3.76,4.9,11.27,0.43,10.84,0.12,30.49,80.46,0.67,82.4,None,22.86
19-01-2024 00:00,20-01-2024 00:00,42.45,82.57,3.75,4.91,11.38,0.35,9.85,0.11,30.71,79.26,0.72,82.86,None,23.66
20-01-2024 00:00,21-01-2024 00:00,51.21,94.39,3.76,4.9,9.84,0.37,7.6,0.1,30.7,76.08,0.82,91.65,None,23.82
21-01-2024 00:00,22-01-2024 00:00,59.27,93.82,3.77,4.9,8.4,0.41,8.18,0.12,30.69,75.08,0.72,87.41,None,24.26
22-01-2024 00:00,23-01-2024 00:00,41.41,83.4,3.76,4.9,9.74,0.36,9.21,0.09,30.7,75.86,0.74,75.35,None,24.53
23-01-2024 00:00,24-01-2024 00:00,42.32,86.29,3.73,4.9,9.89,0.39,9.8,0.1,30.69,75.58,0.71,82.91,None,24.29
24-01-2024 00:00,25-01-2024 00:00,53.93,97.25,3.76,4.9,10.61,0.38,9.49,0.09,30.72,80.7,0.72,75.86,None,23.5
25-01-2024 00:00,26-01-2024 00:00,54.62,98.95,3.75,4.9,10.29,0.39,9.78,0.1,30.79,83.14,0.78,82.56,None,24.02
26-01-2024 00:00,27-01-2024 00:00,32.16,68.93,3.75,4.9,10.44,0.36,7.71,0.1,30.7,72.61,0.94,90.55,None,23.56
27-01-2024 00:00,28-01-2024 00:00,34.2,67.84,3.76,4.9,10.86,0.4,19.28,0.09,30.77,76.69,0.9,87.67,None,23.55
28-01-2024 00:00,29-01-2024 00:00,64.5,59.88,3.78,4.89,9.94,0.35,23.1,0.11,30.79,73.39,0.9,91,None,23.03
29-01-2024 00:00,30-01-2024 00:00,42.19,75.19,3.77,4.91,9.81,0.36,31.38,0.1,30.51,79.43,0.85,89.6,None,21.94
30-01-2024 00:00,31-01-2024 00:00,59.06,128.36,3.76,4.9,9.93,0.47,19.62,0.13,30.91,77.01,0.67,89.47,None,23.24
31-01-2024 00:00,01-02-2024 00:00,53.47,103.96,3.77,4.9,8.75,0.4,10.15,0.13,31.32,82.39,0.72,63,None,23.04
01-02-2024 00:00,02-02-2024 00:00,36.3,79.8,3.76,4.9,9.11,0.48,21.07,0.1,30.78,74.31,0.64,80.35,None,24.8
02-02-2024 00:00,03-02-2024 00:00,41.87,94.84,3.77,4.9,10.91,0.35,26.34,0.09,30.65,74.64,0.68,78.25,None,25.31
03-02-2024 00:00,04-02-2024 00:00,41.19,88.11,3.75,4.9,12.12,0.38,11.71,0.1,30.97,80.16,0.87,86.61,None,25.5
04-02-2024 00:00,05-02-2024 00:00,64.11,109.09,3.75,4.9,11.75,0.37,10.14,0.09,30.84,70.09,0.93,88.12,None,25.27
05-02-2024 00:00,06-02-2024 00:00,40.2,81.23,3.76,4.89,11.73,0.36,9.85,0.1,31.28,69.36,0.94,89.22,None,25.38
06-02-2024 00:00,07-02-2024 00:00,54.95,108.36,3.79,4.89,10.46,0.42,8.96,0.1,30.83,68.6,0.88,87.9,None,25.89
07-02-2024 00:00,08-02-2024 00:00,None,None,None,None,None,None,None,None,None,None,None,None,None,None
08-02-2024 00:00,09-02-2024 00:00,35.21,94.61,3.71,4.9,12.85,0.59,16.19,0.11,28.36,51.17,0.96,88.2,None,30.83
09-02-2024 00:00,10-02-2024 00:00,33.69,83.63,3.77,4.9,12.91,0.37,14.78,0.08,28.19,72.16,0.93,84.03,None,26.63
10-02-2024 00:00,11-02-2024 00:00,49.3,92.37,3.76,4.9,13.89,0.37,9.57,0.09,28.49,73.98,1.12,91.26,None,25.03
11-02-2024 00:00,12-02-2024 00:00,52.54,93.16,3.77,4.9,15.08,0.35,10.06,0.1,28.44,73.64,1.16,93.47,None,24.5
12-02-2024 00:00,13-02-2024 00:00,46.45,94.24,3.74,4.9,12.18,0.41,9.77,0.1,29.89,66.47,0.97,87.64,None,24.47
13-02-2024 00:00,14-02-2024 00:00,33.97,70.9,3.76,4.9,14.69,0.39,10.19,0.09,30.88,77.62,1.09,91.33,None,24.58
14-02-2024 00:00,15-02-2024 00:00,39.58,76.84,3.77,4.89,12.31,0.37,9.36,0.1,31.07,77.85,1.07,89.92,None,24.86
15-02-2024 00:00,16-02-2024 00:00,44.98,85.15,3.79,4.9,13.46,0.36,9.58,0.1,30.77,71.25,0.99,83.57,None,22.11
16-02-2024 00:00,17-02-2024 00:00,29.3,73,3.73,4.9,9.46,0.37,12.71,0.08,31.17,78.21,1.32,92.5,None,27.2
17-02-2024 00:00,18-02-2024 00:00,33.22,79.61,3.75,4.9,13.57,0.32,16.38,0.09,31.02,74.01,1.06,85.59,None,25.69
18-02-2024 00:00,19-02-2024 00:00,35.33,79.77,3.77,4.9,13.24,0.37,11.47,0.08,30.9,74.78,0.89,74.04,None,25.68
19-02-2024 00:00,20-02-2024 00:00,45.46,70,3.75,4.89,14.09,0.39,19.47,0.07,30.55,73.34,0.95,82.5,None,25.96
20-02-2024 00:00,21-02-2024 00:00,42.76,113.13,3.74,4.9,12.81,0.43,15.77,0.09,30.51,71.73,0.82,83.67,None,25.89
21-02-2024 00:00,22-02-2024 00:00,49.64,124.18,3.75,4.9,13.15,0.38,21.2,0.07,30.94,80.81,0.76,79.56,None,26.18
22-02-2024 00:00,23-02-2024 00:00,42.14,105.5,3.78,4.89,12.94,0.4,12.4,0.06,30.71,72.76,0.64,72.04,None,26.89
23-02-2024 00:00,24-02-2024 00:00,53.22,133.03,3.77,4.9,11.78,0.42,22.38,0.08,30.68,73.14,0.61,58.24,None,26.78
24-02-2024 00:00,25-02-2024 00:00,41.05,102.7,3.75,4.9,8.52,0.28,12.02,0.12,30.96,91.85,0.65,76.56,None,22.92
25-02-2024 00:00,26-02-2024 00:00,42.9,107.34,3.74,4.89,21.99,None,7.56,0.05,30.73,77.48,1.22,95.7,None,27.93
26-02-2024 00:00,27-02-2024 00:00,25.84,64.68,None,None,20.34,None,7.48,0.04,30.68,83.22,1.31,96.86,None,24.94
27-02-2024 00:00,28-02-2024 00:00,37.99,94.97,None,None,21.49,None,7.61,0.05,30.72,80.83,1.12,96.33,None,25.09
28-02-2024 00:00,29-02-2024 00:00,29.26,73.03,None,None,21.37,0.47,7.96,0.05,30.04,68.37,1.05,88.55,None,26.09
29-02-2024 00:00,01-03-2024 00:00,29.92,74.7,None,None,12.09,0.52,9.4,0.07,29.69,70.84,1,88.38,None,26.11
01-03-2024 00:00,02-03-2024 00:00,30.57,76.43,None,None,13.69,0.44,9.19,0.07,30.56,75.46,1.05,85,None,26.4
02-03-2024 00:00,03-03-2024 00:00,33.77,84.35,None,None,13.78,0.39,9.86,0.07,30.44,76.46,0.95,79.58,None,26.18
03-03-2024 00:00,04-03-2024 00:00,66.39,165.87,None,None,10.35,0.23,12.32,0.09,29.99,83.66,0.85,78,None,25.11
04-03-2024 00:00,05-03-2024 00:00,47.73,119.3,None,None,13.99,0.34,16.81,0.08,30.07,89.84,0.75,71.04,None,27.08
05-03-2024 00:00,06-03-2024 00:00,41.21,103.06,None,None,13.45,0.44,13.03,0.07,30.28,65.9,0.81,78.42,None,27.46
06-03-2024 00:00,07-03-2024 00:00,44.03,110.15,None,None,14,0.32,16.67,0.06,30.34,78.9,0.72,73.18,None,27.43
07-03-2024 00:00,08-03-2024 00:00,54.89,137.25,None,None,13.22,0.42,19.8,0.07,30.48,77.14,0.67,60.17,None,27.61
08-03-2024 00:00,09-03-2024 00:00,60.23,150.55,None,None,15.25,0.31,25.83,0.07,30.51,80.48,0.8,68,None,27.19
09-03-2024 00:00,10-03-2024 00:00,42.5,106.2,None,None,14.23,0.39,26.32,0.04,31.03,72.89,0.93,88.92,None,31.97
10-03-2024 00:00,11-03-2024 00:00,60.33,150.73,None,None,13.78,0.32,10.71,0.06,30.84,80.89,1.05,88.97,None,28.32
11-03-2024 00:00,12-03-2024 00:00,46.82,117.09,None,None,12.5,0.42,15.47,0.04,30.87,79.94,0.98,90.67,None,28.1
12-03-2024 00:00,13-03-2024 00:00,53.91,134.59,None,None,15.38,0.4,24.19,0.05,30.47,82.36,0.98,81.86,None,27.93
13-03-2024 00:00,14-03-2024 00:00,55.79,139.46,None,None,12.82,0.35,25.05,0.06,29.59,80.87,0.84,77.45,None,28.22
14-03-2024 00:00,15-03-2024 00:00,54.83,136.94,None,None,14.06,0.33,16.94,0.06,30.19,83.96,0.8,71.72,None,28.53
15-03-2024 00:00,16-03-2024 00:00,49.82,124.48,None,None,16.2,0.37,18.75,0.08,30.7,83.64,0.9,84.31,None,29.15
16-03-2024 00:00,17-03-2024 00:00,42.98,107.46,None,None,14.9,0.33,21.39,0.07,31.06,76.59,0.82,63.32,None,28.57
17-03-2024 00:00,18-03-2024 00:00,47.44,118.75,None,None,8.2,0.37,11.88,0.07,None,None,None,None,None,27.91
18-03-2024 00:00,19-03-2024 00:00,54.26,135.64,None,None,10.24,0.4,36.61,0.06,30.85,76.98,1,91.73,None,27.69
19-03-2024 00:00,20-03-2024 00:00,52.96,132.25,None,None,10.76,0.42,36.74,0.04,30.71,80.12,0.78,68.42,None,28.02
20-03-2024 00:00,21-03-2024 00:00,53.39,133.43,None,None,11.9,0.42,41.68,0.04,30.91,79.47,0.91,83,None,27.85
21-03-2024 00:00,22-03-2024 00:00,30.55,76.34,None,None,13.35,0.37,17.94,0.03,30.67,81.23,1.03,94,None,26.71
22-03-2024 00:00,23-03-2024 00:00,37.03,92.64,None,None,14.15,0.41,27.53,0.03,32.36,82.33,0.92,92,None,27.03
23-03-2024 00:00,24-03-2024 00:00,37.57,93.91,None,None,11.37,0.39,17.65,0.07,31.81,81.44,0.89,78.06,None,28.3
24-03-2024 00:00,25-03-2024 00:00,34.31,85.71,None,None,11.77,0.34,15.54,0.06,31.89,79.17,0.93,84,None,28.38
25-03-2024 00:00,26-03-2024 00:00,36.16,90.32,None,None,10.98,0.38,15.89,0.06,31.85,86.08,0.92,78.8,None,28.24
26-03-2024 00:00,27-03-2024 00:00,34.6,86.57,None,None,11.59,0.36,17.19,0.06,31.86,86.39,0.88,62.69,None,28.61
27-03-2024 00:00,28-03-2024 00:00,29.51,73.9,None,None,11.33,0.35,12.36,0.08,31.79,85.47,0.92,85.27,None,28.21
28-03-2024 00:00,29-03-2024 00:00,44.9,112.25,None,None,11.74,0.36,16.04,0.08,31.72,76.71,0.84,86.17,None,29.1
29-03-2024 00:00,30-03-2024 00:00,47.68,119.21,None,None,None,None,21.79,0.07,31.85,86.42,0.88,76.44,None,29.34
30-03-2024 00:00,31-03-2024 00:00,37.78,94.37,None,None,12.81,0.41,15.3,0.07,31.69,60.19,0.78,69.85,None,29.28
31-03-2024 00:00,01-04-2024 00:00,40.11,100.2,None,None,12.37,0.38,9.06,0.06,31.22,69.44,0.85,73.72,None,28.64
01-04-2024 00:00,02-04-2024 00:00,31.27,78.19,None,None,10.51,0.38,20.85,0.05,31.43,78.3,0.83,75.3,None,28.73
02-04-2024 00:00,03-04-2024 00:00,32.01,80.05,None,None,9.81,0.39,13.54,0.06,31.1,78.21,0.94,84.95,None,30.31
03-04-2024 00:00,04-04-2024 00:00,32.99,82.49,66.9,23.48,12.73,0.4,10.73,0.06,31.25,74.73,1,81.95,None,29.94
04-04-2024 00:00,05-04-2024 00:00,24.92,72.35,44.4,35.82,11.81,0.36,14.48,0.06,31.42,71.62,0.89,75.66,None,30.03
05-04-2024 00:00,06-04-2024 00:00,33.84,86.65,None,None,10.07,0.38,17.51,0.08,33.77,70.47,0.89,70.73,None,30.31
06-04-2024 00:00,07-04-2024 00:00,38.7,94.65,None,None,9.51,0.4,27.24,0.08,34.74,69.52,0.86,79.81,None,30.57
07-04-2024 00:00,08-04-2024 00:00,29.43,78.32,None,None,9.72,0.36,12.12,0.05,34.86,70.1,1.04,76.5,None,30.27
08-04-2024 00:00,09-04-2024 00:00,31.68,76.51,None,None,10.6,0.36,16.25,0.03,34.4,71.03,0.98,67.3,None,30.13
09-04-2024 00:00,10-04-2024 00:00,33.92,76.43,None,None,16.06,0.35,27.18,0.01,30.16,73.49,1.09,94.12,None,29.06
10-04-2024 00:00,11-04-2024 00:00,39.86,81.59,None,None,16.25,0.38,23.63,0.01,30.48,76.06,1.07,89.36,None,29.01
11-04-2024 00:00,12-04-2024 00:00,27.75,66.8,None,None,14.26,0.38,18.83,0.01,31.25,78.14,1.04,71.32,None,29.02
12-04-2024 00:00,13-04-2024 00:00,20.31,57.62,3.89,4.94,13.45,0.33,8.99,0.01,33.68,82.77,1.14,95.5,None,27.53
13-04-2024 00:00,14-04-2024 00:00,24.99,60.92,None,None,14.82,0.36,17.22,0,33.08,81.14,1.15,93.2,None,28.41
14-04-2024 00:00,15-04-2024 00:00,30.67,73.15,None,None,15.58,0.4,18.95,0.01,32.94,78.57,0.98,75.44,None,28.79
15-04-2024 00:00,16-04-2024 00:00,23.57,68.33,None,None,14.45,0.36,14.49,0.01,32.85,79.27,1.1,93,None,29.2
16-04-2024 00:00,17-04-2024 00:00,23.49,73.24,None,None,14.72,0.35,18.43,0.02,32.91,78.87,0.88,78.27,None,29.38
17-04-2024 00:00,18-04-2024 00:00,42.96,97.14,None,None,15.17,0.49,17.43,0.03,33.05,94.7,0.74,68.12,None,29.69
18-04-2024 00:00,19-04-2024 00:00,40.78,92.22,None,None,15.96,0.45,11.52,0.03,33.88,91.8,0.79,71.55,None,31.07
19-04-2024 00:00,20-04-2024 00:00,40.74,84.4,None,None,16.71,0.41,13.59,0.03,33.03,88.87,0.8,78.87,None,30.19
20-04-2024 00:00,21-04-2024 00:00,38.49,76.98,None,None,16.94,0.33,15.96,0.03,32.75,84.79,0.73,80.88,None,28.17
21-04-2024 00:00,22-04-2024 00:00,42.24,88.75,None,None,16.54,0.47,10.89,0.02,32.98,79.46,0.74,72.74,None,30.45
22-04-2024 00:00,23-04-2024 00:00,36.93,90.15,None,None,16.01,0.5,17.26,0.02,33.38,83.05,0.78,72.46,None,30.8
23-04-2024 00:00,24-04-2024 00:00,30.22,81.06,None,None,16.21,0.37,13.17,0.03,33.06,82.08,0.92,49.79,None,30.39
24-04-2024 00:00,25-04-2024 00:00,33.52,98.7,None,None,14.96,0.41,11.09,0.04,32.81,80.06,0.9,76.28,None,30.03
25-04-2024 00:00,26-04-2024 00:00,40.89,94.67,None,None,16.02,0.42,13.96,0.03,33.05,85.52,0.86,62.63,None,30.69
26-04-2024 00:00,27-04-2024 00:00,48.91,93.55,None,None,15.46,0.4,14.28,0.02,33.72,84.97,0.88,71.47,None,30.66
27-04-2024 00:00,28-04-2024 00:00,49.42,103.68,None,None,14.43,0.43,14.15,0.03,33.14,85.29,0.8,87.73,None,30.52
28-04-2024 00:00,29-04-2024 00:00,33.45,83.91,None,None,11.47,0.44,14.17,0.02,33.4,85.1,0.89,79.77,None,31.45
29-04-2024 00:00,30-04-2024 00:00,25.6,75.72,None,None,13.06,0.38,12.66,0.02,33.44,85.05,0.81,76.9,None,30.82
30-04-2024 00:00,01-05-2024 00:00,25.58,73.91,None,None,10.71,0.34,21.32,0.06,34.59,86.31,0.78,82.91,None,31.28
01-05-2024 00:00,02-05-2024 00:00,38.95,83.97,None,None,12.62,0.37,17.57,0.02,27.11,65.51,0.68,88.5,None,31.08
02-05-2024 00:00,03-05-2024 00:00,40.48,91.43,None,None,16.93,0.49,29.03,0.01,23.85,67.21,0.82,87.8,None,31.13
03-05-2024 00:00,04-05-2024 00:00,43.64,86.48,3.81,4.9,15.67,0.33,22.59,0.04,26.12,46.18,0.79,87.29,None,28.26
04-05-2024 00:00,05-05-2024 00:00,28.83,64.89,3.74,4.91,16.53,0.38,24.16,0.02,25.32,36.99,0.68,89.85,None,29.91
05-05-2024 00:00,06-05-2024 00:00,31.84,76.05,3.78,4.9,17.61,0.45,22.08,0.02,25.36,38.54,0.76,91.67,None,30.03
06-05-2024 00:00,07-05-2024 00:00,33.64,79.34,3.78,4.91,16.65,0.49,28.32,0.02,26.5,56.55,0.91,89.25,None,28.61
07-05-2024 00:00,08-05-2024 00:00,22.03,56.62,3.78,4.9,17.06,0.48,38.34,0.02,25.35,29.78,0.76,87.12,None,28.06
08-05-2024 00:00,09-05-2024 00:00,24.41,52.83,3.76,4.9,17.19,0.39,32.36,0.02,25.56,31.17,0.72,98.2,None,26.9
09-05-2024 00:00,10-05-2024 00:00,31.79,66.53,3.75,4.9,16.3,0.41,45.63,0.02,25.93,30.75,0.55,92,None,27.29
10-05-2024 00:00,11-05-2024 00:00,40.46,64.39,3.79,4.9,18.66,0.41,24.71,0.01,25.47,50.28,0.63,79.25,None,26.23
11-05-2024 00:00,12-05-2024 00:00,31.67,55.57,3.77,4.9,17.07,0.43,23.29,0.02,25.45,43.34,0.57,85.58,None,26.64
12-05-2024 00:00,13-05-2024 00:00,34.76,57.56,3.79,4.9,18.3,0.38,24.74,0.01,25.15,32.22,0.65,88.44,None,27.55
13-05-2024 00:00,14-05-2024 00:00,30.51,53.52,3.76,4.89,17.86,0.35,18.62,0,25.47,46.66,0.52,85.29,None,26.09
14-05-2024 00:00,15-05-2024 00:00,23.96,48.26,3.74,4.9,15.67,0.39,19.54,0,26.33,50.45,0.56,86,None,25.9
15-05-2024 00:00,16-05-2024 00:00,34.66,66.7,3.75,4.9,16.49,0.41,29.79,0,25.31,44.49,0.65,93,None,27.5
16-05-2024 00:00,17-05-2024 00:00,30.41,52.98,3.75,4.92,14.7,0.3,20.98,0,26.99,43.98,0.59,82,None,25.21
17-05-2024 00:00,18-05-2024 00:00,23.19,50.41,3.78,4.9,16.24,0.36,24.66,0.01,24.96,39.69,0.62,81.25,None,26.12
18-05-2024 00:00,19-05-2024 00:00,22.84,47.58,3.77,4.9,16.21,0.42,32.22,0.01,25.22,35.89,0.44,86,None,25.07
19-05-2024 00:00,20-05-2024 00:00,20.49,32.76,3.79,4.9,15.87,0.42,14.89,0,25.2,39.37,0.41,91.57,None,24.09
20-05-2024 00:00,21-05-2024 00:00,19.81,41.08,3.77,4.9,15.32,0.32,12.06,0.01,25.08,52,0.5,91.43,None,25.06
21-05-2024 00:00,22-05-2024 00:00,15.1,37.88,3.8,4.9,16.02,0.39,8.72,0.01,25.03,54.04,0.5,None,None,25.5
22-05-2024 00:00,23-05-2024 00:00,15.77,38.08,3.79,4.9,17.27,0.33,13.65,0,25.08,48.57,0.69,None,None,26.94
23-05-2024 00:00,24-05-2024 00:00,16.4,44.64,3.78,4.9,17.43,0.38,15.21,0.01,24.92,46.09,0.66,84.25,None,28.23
24-05-2024 00:00,25-05-2024 00:00,25.38,51.31,3.77,4.9,18.1,0.34,28.05,0,24.82,49.46,0.55,86.4,None,26.94
25-05-2024 00:00,26-05-2024 00:00,15.08,36.46,3.76,4.89,18.8,0.36,23.63,0,24.89,48.17,0.71,None,None,25.18
26-05-2024 00:00,27-05-2024 00:00,15.16,49.76,3.76,4.89,18.54,0.35,10.98,0,24.91,49.24,0.87,None,None,24.94
27-05-2024 00:00,28-05-2024 00:00,16.37,57.69,3.8,4.89,19.31,0.34,18.46,0,24.91,47.65,0.83,95.5,None,26.15
28-05-2024 00:00,29-05-2024 00:00,19.59,62.07,3.76,4.9,18.83,0.33,21.73,0,24.99,47.41,0.79,None,None,26.42
29-05-2024 00:00,30-05-2024 00:00,18.4,48.46,3.74,4.91,18.7,0.37,16.71,0,24.88,48.15,0.7,None,None,26.54
30-05-2024 00:00,31-05-2024 00:00,12.74,43.11,3.77,4.9,20.37,0.32,19.77,0,24.65,46.24,0.57,None,None,27.75
31-05-2024 00:00,01-06-2024 00:00,16.03,55.96,3.76,4.89,20.69,0.38,22.21,0,24.82,42.61,0.56,None,None,28.47
01-06-2024 00:00,02-06-2024 00:00,15.96,46.08,3.93,4.9,18.53,0.41,24.08,0.01,25.15,54.15,0.57,94.17,None,26.07
02-06-2024 00:00,03-06-2024 00:00,9.59,24.6,3.94,4.89,17.96,0.39,17.92,0,24.69,66.03,0.51,84.33,None,24.83
03-06-2024 00:00,04-06-2024 00:00,10.18,22,3.9,4.9,13.07,0.34,19.25,0,24.75,69.48,0.45,89.43,None,24.55
04-06-2024 00:00,05-06-2024 00:00,13.14,30.93,3.95,4.88,13.6,0.37,18.7,0,24.63,54.77,0.48,89,None,25.83
05-06-2024 00:00,06-06-2024 00:00,8.94,24.08,3.95,4.89,16.19,0.34,16.26,0,24.83,58.86,0.47,83,None,25.23
06-06-2024 00:00,07-06-2024 00:00,7.65,20.67,3.87,4.91,15.22,0.35,14.82,0,24.69,62.92,0.53,89.38,None,24.82
07-06-2024 00:00,08-06-2024 00:00,6.76,14.36,4.06,4.89,16.25,0.34,12.87,0,24.81,64.95,0.71,89.41,None,24.23
08-06-2024 00:00,09-06-2024 00:00,3.6,16.48,3.97,4.91,17.89,0.34,15.03,None,25.75,51.31,1,95.67,None,24.65
09-06-2024 00:00,10-06-2024 00:00,5.44,16.39,4.02,4.93,17.44,0.36,9.86,0,24.94,58.46,0.98,92.75,None,22.87
10-06-2024 00:00,11-06-2024 00:00,7.75,30.45,3.95,4.93,16.98,0.32,11.38,0,24.72,55.1,0.92,93.75,None,23.85
11-06-2024 00:00,12-06-2024 00:00,8.22,22.89,4.05,4.92,16.78,0.31,7.13,0,24.88,56.25,0.77,95,None,24.01
12-06-2024 00:00,13-06-2024 00:00,5.33,20.02,4.02,4.89,16.67,0.32,19.17,0,25.01,52.47,0.66,None,None,24.09
13-06-2024 00:00,14-06-2024 00:00,7,24.1,4.32,4.92,15.66,0.38,7.21,0,25.83,59.43,0.61,87.6,None,23.11
14-06-2024 00:00,15-06-2024 00:00,9.97,32.72,4.11,4.92,16.17,0.4,11.84,0,25.02,55.9,0.55,93,None,24.56
15-06-2024 00:00,16-06-2024 00:00,13.25,40.59,4.17,4.87,16.02,0.36,7.34,0,24.81,48.47,0.69,84.67,None,25.08
16-06-2024 00:00,17-06-2024 00:00,7.03,26.02,4.21,4.91,16.49,0.36,7.43,0,24.76,50.52,0.74,87.57,None,24.99
17-06-2024 00:00,18-06-2024 00:00,8.87,22.96,4,4.92,16.18,0.36,8.32,0,24.83,50.32,0.59,96.67,None,25.6
18-06-2024 00:00,19-06-2024 00:00,5.24,18.7,4.02,4.91,16.16,0.36,13.23,0,25.01,55.96,0.6,92.5,None,25
19-06-2024 00:00,20-06-2024 00:00,9.35,27.03,4.06,4.9,16.7,0.33,10.29,0,24.68,51.53,0.58,84,None,25.29
20-06-2024 00:00,21-06-2024 00:00,11.36,32.09,4.15,4.91,16.35,0.37,10.91,0,24.92,56.61,0.66,92.33,None,23.88
21-06-2024 00:00,22-06-2024 00:00,9.23,33.84,4.14,4.87,17.76,0.38,14.37,0,24.74,57.04,0.64,92.5,None,23.77
22-06-2024 00:00,23-06-2024 00:00,12.83,37.66,4.32,4.9,16.07,0.33,7.27,0,25.63,51.93,0.64,90,None,24.3
23-06-2024 00:00,24-06-2024 00:00,5.62,18.88,4.86,4.62,19.18,0.36,16.12,0,25.3,48.58,0.72,93.25,None,23.89
24-06-2024 00:00,25-06-2024 00:00,7.63,25.35,5.1,4.51,19.14,0.34,12.99,None,24.57,49.43,0.72,92.25,None,24.21
25-06-2024 00:00,26-06-2024 00:00,7.52,28.19,5.37,4.4,18.97,0.37,11.98,0,24.44,50.92,0.73,95.75,None,24.65
26-06-2024 00:00,27-06-2024 00:00,7.13,24.59,5.5,4.44,18.88,0.37,11.01,0,26.27,53.27,0.78,94.6,None,23.89
27-06-2024 00:00,28-06-2024 00:00,3.99,20.4,5.44,4.48,20,0.34,10.48,0,24.54,56.44,0.78,None,None,23.32
28-06-2024 00:00,29-06-2024 00:00,7.84,29.01,5.51,4.49,18.98,0.36,11.27,0,24.37,58.14,0.67,91.14,None,24.09
29-06-2024 00:00,30-06-2024 00:00,7.52,31.03,5.5,4.5,19.22,0.36,8.94,0,24.44,57.62,0.62,91.83,None,24.22
30-06-2024 00:00,01-07-2024 00:00,7.21,26.9,5.69,4.42,19.5,0.34,7.23,0,24.51,55.32,0.63,91.5,None,23.77
01-07-2024 00:00,02-07-2024 00:00,5.92,24.41,5.41,4.54,19.71,0.36,11.08,0,24.89,56.99,0.68,91.6,None,23.7
02-07-2024 00:00,03-07-2024 00:00,3.64,21.01,5.42,4.53,19.03,0.36,10.62,0,24.51,57.84,0.73,92,None,23.83
03-07-2024 00:00,04-07-2024 00:00,7.76,29.11,4.88,4.66,18.2,0.28,13.15,0,24.85,60,0.57,None,None,24.86
04-07-2024 00:00,05-07-2024 00:00,10.72,25.35,5.11,4.6,18.16,0.35,8.99,0,24.73,54.95,0.51,98.67,None,24.26
05-07-2024 00:00,06-07-2024 00:00,8.05,27.57,5.23,4.57,17.9,0.31,8.32,0,24.5,53.78,0.66,89.2,None,24.56
06-07-2024 00:00,07-07-2024 00:00,14.23,31.51,5.5,4.52,18.57,0.36,7.04,0,24.54,57.55,0.73,94,None,23.61
07-07-2024 00:00,08-07-2024 00:00,19.28,39.71,5.04,4.67,18.52,0.38,8.31,None,24.43,49.4,0.62,92,None,23.91
08-07-2024 00:00,09-07-2024 00:00,16.49,33.88,4.71,4.79,16.95,0.38,7.23,0,25.01,61.83,0.62,96,None,22.08
09-07-2024 00:00,10-07-2024 00:00,17.97,32.65,4.44,4.87,17.82,0.38,8.81,0,24.51,57.7,0.63,90.38,None,22.67
10-07-2024 00:00,11-07-2024 00:00,19.57,38.14,4.2,4.92,16.7,0.37,9.63,0,24.54,42.5,0.51,88.33,None,24
11-07-2024 00:00,12-07-2024 00:00,19.94,38.14,4.09,6.96,18.19,0.38,12.47,0,24.61,39.07,0.5,None,None,24.82
12-07-2024 00:00,13-07-2024 00:00,17.24,34.21,4.04,4.97,18.02,0.35,11.35,0.08,23.75,57.38,0.63,94,None,24.59
13-07-2024 00:00,14-07-2024 00:00,12.23,29.68,4.14,4.92,18.49,0.34,10.49,0.07,22.95,67.88,0.64,93.75,None,24.07
14-07-2024 00:00,15-07-2024 00:00,15.52,31.84,4.17,4.89,18.25,0.36,7.15,0.09,23.04,74.19,0.64,93,None,23.25
15-07-2024 00:00,16-07-2024 00:00,11.16,22.08,4.2,4.86,17.33,0.39,7.6,0.1,23.85,93.94,0.61,88.33,None,21.77
16-07-2024 00:00,17-07-2024 00:00,7.15,21.28,4.23,4.95,15.46,0.32,11.29,0.08,23.21,82.69,0.73,95,None,22.24
17-07-2024 00:00,18-07-2024 00:00,9.38,28.33,3.92,4.86,18.54,0.23,10.86,0.04,23.02,63.4,0.71,None,None,26
18-07-2024 00:00,19-07-2024 00:00,10.18,18.75,4.14,5.06,17.4,0.26,None,0.03,23.02,74.38,0.61,None,None,22.85
19-07-2024 00:00,20-07-2024 00:00,17.54,25.19,3.94,4.92,16.91,0.25,None,0.04,22.94,73.67,0.57,None,None,23.09
20-07-2024 00:00,21-07-2024 00:00,17.59,49.81,3.99,4.91,17.95,0.36,25,0.07,22.94,69.93,0.73,None,None,24.42
21-07-2024 00:00,22-07-2024 00:00,12.96,31.47,4.43,5.07,18.66,0.29,13.86,0.06,25.52,55.26,0.7,None,None,23.64
22-07-2024 00:00,23-07-2024 00:00,11.15,32.59,4.52,5.07,15.11,0.29,5.41,0.05,24.55,57.71,0.61,None,None,22.9
23-07-2024 00:00,24-07-2024 00:00,12.91,27.82,4.77,5.07,10.69,0.31,4.21,0.05,23.26,74.54,0.64,None,None,23.38
24-07-2024 00:00,25-07-2024 00:00,13.09,28.78,4.56,5.03,10.82,0.33,4.03,0.07,23.4,79.48,0.66,95.86,None,22.54
25-07-2024 00:00,26-07-2024 00:00,10.9,21.16,4.36,5.02,10.41,0.32,4.15,0.07,23.44,82.73,0.64,91,None,22.26
26-07-2024 00:00,27-07-2024 00:00,12.42,27.14,3.97,5,10.45,0.35,4.89,0.07,23.39,77.14,0.56,None,None,23.05
27-07-2024 00:00,28-07-2024 00:00,13.29,29.6,4.11,4.97,8.11,0.34,5.24,0.07,24.5,61.23,0.65,100,None,23.54
28-07-2024 00:00,29-07-2024 00:00,14.85,36.89,4.12,5,8.45,0.34,4.09,0.08,23.47,53.58,0.78,96,None,23.21
29-07-2024 00:00,30-07-2024 00:00,17.8,44.41,4.12,4.92,8.33,0.34,5.15,0.07,23.45,50.95,0.76,94.33,None,24.19
30-07-2024 00:00,31-07-2024 00:00,13.01,24.52,4.02,4.91,8.56,0.35,4.69,0.09,23.43,77.59,0.74,94.56,None,22.55
31-07-2024 00:00,01-08-2024 00:00,14.57,28.78,4.06,4.88,8.33,0.35,6.76,0.09,23.46,75.8,0.56,91.08,None,22.64
01-08-2024 00:00,02-08-2024 00:00,7.64,28.19,4.08,4.91,7.95,0.4,9.22,0.11,23.68,71.48,0.54,89,None,22.78
02-08-2024 00:00,03-08-2024 00:00,3,25.3,4.24,4.91,7.89,0.43,4.66,0.12,23.61,68.69,0.64,93.82,None,22.98
03-08-2024 00:00,04-08-2024 00:00,13.9,30.43,4.19,4.86,7.72,0.34,5.84,0.1,23.05,47.33,0.54,94.67,None,22.97
04-08-2024 00:00,05-08-2024 00:00,16.26,31.34,4.06,4.88,8.06,0.36,6.09,0.1,23.06,47.96,0.52,97,None,24.1
05-08-2024 00:00,06-08-2024 00:00,18.31,31.96,4.1,4.9,8.22,0.49,9.87,0.13,23.24,52.32,0.42,96.5,None,23.7
06-08-2024 00:00,07-08-2024 00:00,16.38,28.46,4.09,4.9,6.99,0.38,6.88,0.11,23.25,73.51,0.41,81,None,22.8
07-08-2024 00:00,08-08-2024 00:00,17.55,32.14,4.11,4.93,6.94,0.36,5.73,0.11,23.31,91.84,0.34,None,None,22.3
08-08-2024 00:00,09-08-2024 00:00,18.4,37.19,4.18,4.86,6.42,0.35,4.99,0.1,23.24,75.82,0.39,100,None,23.19
09-08-2024 00:00,10-08-2024 00:00,18.19,38.68,4.09,4.89,7.87,0.35,8.42,0.1,23.39,37.36,0.4,None,None,24.3
10-08-2024 00:00,11-08-2024 00:00,17.14,35.5,4.08,4.91,7.67,0.38,12.84,0.11,24.1,60.55,0.37,91.75,None,24.27
11-08-2024 00:00,12-08-2024 00:00,15.5,32.7,4.01,4.92,7.47,0.37,5.47,0.09,24.07,57.97,0.32,None,None,25.11
12-08-2024 00:00,13-08-2024 00:00,19.51,38.09,4.06,4.88,7.47,0.4,5.72,0.12,24.12,55.15,0.34,91,None,24.34
13-08-2024 00:00,14-08-2024 00:00,24.41,54.18,4.09,4.9,7.81,0.44,9.54,0.13,24.68,57.52,0.42,89.5,None,26.42
14-08-2024 00:00,15-08-2024 00:00,26.82,83.33,4.21,4.84,7.11,0.46,12.39,0.13,25.72,37.59,0.48,83.75,None,27.13
15-08-2024 00:00,16-08-2024 00:00,32.87,58.17,4.05,4.89,7.27,0.49,10.22,0.14,25.45,52.62,0.42,98.5,None,25.66
16-08-2024 00:00,17-08-2024 00:00,36.56,51.06,4.07,4.91,8.22,0.34,18.49,0.09,25.46,62.37,0.33,75,None,25.21
17-08-2024 00:00,18-08-2024 00:00,22.67,42.98,5.61,5.45,9.2,0.31,7.59,0.1,25.65,45.51,0.43,92,None,28.02
18-08-2024 00:00,19-08-2024 00:00,29.91,43.93,5.92,5.38,8.65,0.49,7.2,0.14,25.24,58.11,0.35,81.67,None,24.52
19-08-2024 00:00,20-08-2024 00:00,29.43,44.22,5.37,5.17,6.57,0.36,10.17,0.11,24.77,61.49,0.38,97.33,None,24.38
20-08-2024 00:00,21-08-2024 00:00,22.75,39.06,4.71,5.09,9.05,0.55,17.91,0.15,24.89,74.3,0.31,None,None,24.36
21-08-2024 00:00,22-08-2024 00:00,16.81,29.48,4.17,4.93,7.53,0.41,9.18,0.11,25.37,66.14,0.58,93.4,None,24.53
22-08-2024 00:00,23-08-2024 00:00,10.88,24.32,4.03,4.9,9.6,0.33,11.94,0.09,24.37,49.8,0.65,92.67,None,24.57
23-08-2024 00:00,24-08-2024 00:00,16.3,34.92,4.07,4.89,11.2,0.33,13.68,0.1,24.7,50.29,0.59,96.5,None,24.87
24-08-2024 00:00,25-08-2024 00:00,16.12,36.43,4.1,4.91,11.59,0.36,10.31,0.1,26.1,51.95,0.74,97,None,23.87
25-08-2024 00:00,26-08-2024 00:00,16.36,27.82,3.89,4.97,10.7,0.32,6.45,0.1,25.61,57.1,0.72,95,None,21.53
26-08-2024 00:00,27-08-2024 00:00,12.47,22,5.31,5.49,9.75,0.26,7.88,0.08,25.34,48.58,0.64,None,None,21.2
27-08-2024 00:00,28-08-2024 00:00,11.63,21.93,5.32,5.37,10.87,0.3,7.87,0.09,25.2,51.85,0.58,90,None,21.2
28-08-2024 00:00,29-08-2024 00:00,16.1,26.54,5.14,5.2,10.34,0.33,8.77,0.09,25.19,52.83,0.56,None,None,22.78
29-08-2024 00:00,30-08-2024 00:00,14.44,22.13,4.8,5.12,10.23,0.38,9.9,0.1,25.48,57.21,0.46,94.5,None,21.69
30-08-2024 00:00,31-08-2024 00:00,16.06,26.75,4.39,5.02,11.55,0.33,10.4,0.1,25.41,56.12,0.4,91,None,21.96
31-08-2024 00:00,01-09-2024 00:00,16.2,25.45,4.12,4.94,9.64,0.34,6.76,0.1,25.93,54.54,0.45,None,None,22.07
01-09-2024 00:00,02-09-2024 00:00,13.59,18.93,4.11,4.91,9.7,0.34,7.64,0.1,25.3,51.59,0.49,None,None,23.34
02-09-2024 00:00,03-09-2024 00:00,18.08,30.26,4.18,4.9,9.18,0.35,6.9,0.1,25.45,53.99,0.5,91,None,23.02
03-09-2024 00:00,04-09-2024 00:00,16.99,27.51,4.25,4.91,9.24,0.34,6.95,0.09,25.35,52.89,0.54,83,None,23.1
04-09-2024 00:00,05-09-2024 00:00,20.3,35.87,4.1,4.91,9.73,0.34,6.6,0.1,25.32,52.38,0.49,None,None,23.33
05-09-2024 00:00,06-09-2024 00:00,18.42,31.04,4.11,4.91,10.09,0.37,6.88,0.1,25.33,51.88,0.47,None,None,24.01
06-09-2024 00:00,07-09-2024 00:00,19.35,33.43,4.03,4.89,10.08,0.36,6.32,0.1,25.4,53.3,0.44,None,None,23
07-09-2024 00:00,08-09-2024 00:00,19.81,34.53,4.16,4.91,10.55,0.32,6.3,0.1,25.35,53.54,0.49,89,None,23.29
08-09-2024 00:00,09-09-2024 00:00,16.71,26.81,4.1,4.91,12.6,0.35,6.26,0.1,25.36,53.46,0.57,94.75,None,23.19
09-09-2024 00:00,10-09-2024 00:00,18.44,31.09,4.12,4.89,13.35,0.33,6.16,0.1,25.4,52.14,0.62,99,None,23.44
10-09-2024 00:00,11-09-2024 00:00,16.43,26.06,4.22,4.84,11.57,0.36,7.89,0.1,25.64,52.91,0.68,95.33,None,23.12
11-09-2024 00:00,12-09-2024 00:00,17.84,29.7,4.26,4.89,9.4,0.33,6.32,0.1,25.96,51.1,0.6,97,None,23.07
12-09-2024 00:00,13-09-2024 00:00,17.19,27.94,4.29,4.87,8.47,0.39,6.31,0.11,25.95,50.91,0.51,None,None,23.43
13-09-2024 00:00,14-09-2024 00:00,20.35,35.91,4.03,4.89,7.07,0.38,6.77,0.11,25.97,47.76,0.42,None,None,23.99
14-09-2024 00:00,15-09-2024 00:00,22.73,41.73,3.94,4.9,7.14,0.37,6.91,0.1,25.94,47.26,0.42,None,None,24.03
15-09-2024 00:00,16-09-2024 00:00,19.73,34.27,4.03,4.88,7.88,0.33,6.8,0.1,26.07,49.3,0.44,91,None,23.76
16-09-2024 00:00,17-09-2024 00:00,18.96,31.23,4.09,4.9,9.16,0.33,9.8,0.09,25.65,49.51,0.42,None,None,23.54
17-09-2024 00:00,18-09-2024 00:00,17.49,35.73,4.04,4.9,9.85,0.37,5.93,0.1,25.59,47.84,0.48,None,None,24.21
18-09-2024 00:00,19-09-2024 00:00,23.18,56.99,4.03,4.87,9.45,0.4,7.68,0.12,25.19,45.61,0.41,None,None,23.58
19-09-2024 00:00,20-09-2024 00:00,22.15,52,4,4.94,6.06,0.37,7.05,0.11,25.22,48.07,0.4,83.5,None,24.33
20-09-2024 00:00,21-09-2024 00:00,26,50.2,3.86,4.91,8.09,0.37,6.7,0.11,25.25,48.5,0.38,None,None,24.39
21-09-2024 00:00,22-09-2024 00:00,22.58,43.67,3.93,4.88,9.45,0.4,6.43,0.12,25.25,49.8,0.46,79,None,24.28
22-09-2024 00:00,23-09-2024 00:00,17.7,28.9,3.98,4.9,10.76,0.38,15.49,0.11,25.7,54.57,0.44,79.5,None,22.91
23-09-2024 00:00,24-09-2024 00:00,16.13,31.65,3.97,4.91,8.08,0.4,5.97,0.11,25.61,54.86,0.45,82.67,None,23.55
24-09-2024 00:00,25-09-2024 00:00,12.68,27.12,4.02,4.9,8.14,0.36,5.57,0.11,25.61,56.79,0.57,89.11,None,23.48
25-09-2024 00:00,26-09-2024 00:00,13.33,26.99,4.14,4.89,8.99,0.37,5.17,0.1,26.14,55.4,0.63,94.75,None,23.12
26-09-2024 00:00,27-09-2024 00:00,14.65,28.8,4.06,4.94,10.52,0.36,5.48,0.1,25.48,53.66,0.6,97.33,None,23.34
27-09-2024 00:00,28-09-2024 00:00,16.32,27.29,4,4.92,10.84,0.37,5.58,0.11,25.57,53.26,0.49,97.5,None,23.6
28-09-2024 00:00,29-09-2024 00:00,20.56,36.26,4.07,4.89,9.85,0.38,7.21,0.11,25.47,54.25,0.35,None,None,24.27
29-09-2024 00:00,30-09-2024 00:00,29.87,66.62,4.15,4.89,9.59,0.4,5.07,0.1,25.39,56.7,0.44,86.33,None,24.56
30-09-2024 00:00,01-10-2024 00:00,33.07,68.7,4.12,4.95,10.75,0.51,7.52,0.15,25.36,53.03,0.44,100,None,25.55
01-10-2024 00:00,02-10-2024 00:00,37.22,55.24,3.92,4.95,6.06,0.48,7.89,0.14,25.23,50.28,0.41,94,None,25.92
02-10-2024 00:00,03-10-2024 00:00,29.45,38.19,3.92,4.89,10.31,0.31,19.12,0.08,25.85,55.84,0.46,80.33,None,25.47
03-10-2024 00:00,04-10-2024 00:00,23.66,26.57,4,4.89,5.87,0.4,10.47,0.11,26.49,60.91,0.31,None,None,21.66
04-10-2024 00:00,05-10-2024 00:00,19.41,23.23,4.01,4.92,7.61,0.36,7.09,0.11,25.27,57.28,0.36,99,None,23.88
05-10-2024 00:00,06-10-2024 00:00,14.38,25.44,4.01,4.89,6.45,0.33,7.14,0.09,26.84,59.84,0.36,73,None,23.07
06-10-2024 00:00,07-10-2024 00:00,33.52,57.64,4.14,4.93,5.55,0.4,5.58,0.11,25.34,56.8,0.39,100,None,23.93
07-10-2024 00:00,08-10-2024 00:00,56.26,92.25,4.06,4.88,6.12,0.41,6.16,0.11,25.3,54.07,0.53,85,None,24.61
08-10-2024 00:00,09-10-2024 00:00,35.77,59.59,3.99,4.92,6.45,0.4,6.09,0.12,25.29,54.65,0.56,85,None,24.8
09-10-2024 00:00,10-10-2024 00:00,28.3,55.72,4.02,4.91,6.05,0.4,7.27,0.12,25.26,53.73,0.63,93.1,None,24.95
10-10-2024 00:00,11-10-2024 00:00,32.13,49.52,4.03,4.88,6.4,0.38,5.7,0.11,25.34,57.46,0.51,90.83,None,24.03
11-10-2024 00:00,12-10-2024 00:00,31.97,48.76,4.08,4.9,7,0.39,5.23,0.11,25.28,58.81,0.48,91.5,None,23.77
12-10-2024 00:00,13-10-2024 00:00,20.89,36.56,4.14,4.9,6.67,0.41,5.08,0.11,25.32,57.48,0.54,88,None,23.63
13-10-2024 00:00,14-10-2024 00:00,19.08,33.98,4.09,4.9,5.7,0.44,4.85,0.12,25.31,59.15,0.5,99,None,23.26
14-10-2024 00:00,15-10-2024 00:00,17.39,30.91,4.02,4.91,6.59,0.33,5.1,0.09,25.22,54.47,0.33,None,None,21.44
15-10-2024 00:00,16-10-2024 00:00,15.79,21.46,4.07,4.92,8.3,0.32,5.13,0.1,25.23,23.6,0.29,94,None,19.92
16-10-2024 00:00,17-10-2024 00:00,14.21,19.75,3.98,4.87,8.66,0.33,5.46,0.09,25.15,36.27,0.26,95,None,20
17-10-2024 00:00,18-10-2024 00:00,15.73,26.76,4.08,4.88,9.53,0.41,5.52,0.12,25.26,60.79,0.43,87.5,None,22.4
18-10-2024 00:00,19-10-2024 00:00,15.41,32.01,4.02,4.88,10.14,0.41,7.51,0.11,25.36,57.36,0.52,96,None,23.09
19-10-2024 00:00,20-10-2024 00:00,21.55,32.06,4.03,4.92,9.55,0.29,5.73,0.09,25.86,59.92,0.31,80.33,None,22.09
20-10-2024 00:00,21-10-2024 00:00,26.91,38.67,3.98,4.88,8.2,0.39,6.5,0.12,26.46,61.4,0.2,None,None,23.19
21-10-2024 00:00,22-10-2024 00:00,26.3,38.18,3.94,4.9,10.74,0.44,6.67,0.1,26.35,59.43,0.23,86,None,23.57
22-10-2024 00:00,23-10-2024 00:00,23.35,38,3.87,4.92,9.13,0.21,6.34,0.03,25.83,56.97,0.3,None,None,22.25
23-10-2024 00:00,24-10-2024 00:00,35.89,52.71,3.84,4.91,7.81,0.34,5.98,0.1,25.64,50.09,0.34,79,None,22.91
24-10-2024 00:00,25-10-2024 00:00,40.61,63.88,3.9,4.9,8.66,0.15,6.86,0.02,25.29,48.38,0.29,None,None,21.91
25-10-2024 00:00,26-10-2024 00:00,52.9,76.42,3.79,4.88,8.56,0.34,7.63,0.1,25.2,38.43,0.29,None,None,22.92
26-10-2024 00:00,27-10-2024 00:00,82.24,112.38,3.66,4.89,7.41,0.31,9.7,0.1,25.15,39.31,0.28,None,None,22.48
27-10-2024 00:00,28-10-2024 00:00,68.31,96.97,3.73,4.9,8.52,0.37,9.4,0.1,25.16,44.77,0.28,None,None,21.87
28-10-2024 00:00,29-10-2024 00:00,67.58,102.16,3.6,4.88,5.85,0.29,9.88,0.1,25.3,48.81,0.3,94,None,23.23
29-10-2024 00:00,30-10-2024 00:00,56.04,80.15,3.57,4.93,5.89,0.33,8.25,0.1,25.39,53.23,0.31,None,None,23.51
30-10-2024 00:00,31-10-2024 00:00,76.4,103.11,3.56,4.91,5.8,None,7.17,None,25.31,59.76,0.29,85.83,None,22.31
31-10-2024 00:00,01-11-2024 00:00,95.05,118.47,3.46,4.91,7.75,None,7.69,None,25.31,57.82,0.34,89,None,23.35
01-11-2024 00:00,02-11-2024 00:00,111.19,104.84,3.38,4.9,9.27,0.36,7.27,0.1,25.62,53.71,0.39,98,None,24.07
02-11-2024 00:00,03-11-2024 00:00,50.09,73.74,3.43,4.91,7.46,None,7.24,None,25.42,50.68,0.44,None,None,24.25
03-11-2024 00:00,04-11-2024 00:00,24.33,47.28,3.07,4.93,8.4,None,5.08,None,25.39,49.57,0.48,100,None,23.9
04-11-2024 00:00,05-11-2024 00:00,22.64,46.14,3.13,4.94,9.76,None,5.27,None,25.4,48.26,0.49,87,None,23.83
05-11-2024 00:00,06-11-2024 00:00,36.22,66.71,3.25,4.93,9.23,None,5.91,None,25.34,48.44,0.45,None,None,23.12
06-11-2024 00:00,07-11-2024 00:00,55.07,93.46,3.49,4.9,11.06,None,8.21,None,25.35,49.54,0.4,None,None,23.14
07-11-2024 00:00,08-11-2024 00:00,45.79,79.88,3.2,4.95,11.44,None,6.03,None,25.41,58,0.46,None,None,22.43
08-11-2024 00:00,09-11-2024 00:00,23.53,52.65,2.79,4.97,10.08,None,5.36,None,25.36,54.93,0.51,None,None,23.85
09-11-2024 00:00,10-11-2024 00:00,20.82,53.24,2.99,4.93,10.65,None,6.13,None,25.33,57,0.44,None,None,23.24
10-11-2024 00:00,11-11-2024 00:00,37.04,65.04,3.11,4.97,10.45,None,6.37,None,25.29,58.34,0.4,None,None,23.09
11-11-2024 00:00,12-11-2024 00:00,51.66,84.95,3.36,4.92,10.04,None,8.31,None,25.27,60.05,0.39,None,None,22.76
12-11-2024 00:00,13-11-2024 00:00,52.58,78.51,3.28,4.95,10.89,None,6.84,None,25.26,68.82,0.37,None,None,21.91
13-11-2024 00:00,14-11-2024 00:00,9.58,28.7,2.33,4.99,11.44,None,4.95,None,25.19,71.32,0.51,None,None,22.42
14-11-2024 00:00,15-11-2024 00:00,11,28.47,1.89,5.05,10.98,0.49,5.02,0.13,25.66,73.22,0.46,None,None,21.79
15-11-2024 00:00,16-11-2024 00:00,11.25,31.14,2.08,5.01,9.69,None,4.83,None,25.36,72.31,0.42,None,None,22.05
16-11-2024 00:00,17-11-2024 00:00,14.02,38.52,2.15,5.03,8.6,0.41,5.87,0.1,26.19,69.98,0.54,None,None,22.7
17-11-2024 00:00,18-11-2024 00:00,50.53,77.68,3.35,4.89,8.82,None,5.57,None,None,None,None,None,None,22.68
18-11-2024 00:00,19-11-2024 00:00,74.45,99.74,3.35,4.95,11.11,None,5.3,None,None,None,None,None,None,20.51
19-11-2024 00:00,20-11-2024 00:00,None,None,None,None,None,None,None,None,None,None,None,None,None,None
20-11-2024 00:00,21-11-2024 00:00,None,None,None,None,None,None,None,None,None,None,None,None,None,None
21-11-2024 00:00,22-11-2024 00:00,None,None,None,None,None,None,None,None,None,None,None,None,None,None
22-11-2024 00:00,23-11-2024 00:00,None,None,None,None,None,None,None,None,None,None,None,None,None,None
23-11-2024 00:00,24-11-2024 00:00,62.85,119.77,11,3.94,4.68,None,3.02,0,24.35,92.75,0.37,None,None,None
24-11-2024 00:00,25-11-2024 00:00,60.1,91.77,25.58,2.4,8.48,None,6.19,0,24.01,78.72,0.39,None,None,None
25-11-2024 00:00,26-11-2024 00:00,48.52,78.99,31.27,2.1,9.93,None,8.91,0,23.93,80.27,0.41,None,None,None
26-11-2024 00:00,27-11-2024 00:00,62.77,89.41,32.88,2.32,11.04,None,11.05,0,23.76,89.94,0.38,None,None,18.55
27-11-2024 00:00,28-11-2024 00:00,77.14,115.41,35.49,2.14,10.54,None,10.78,0.02,23.82,80.31,0.44,None,None,20.04
28-11-2024 00:00,29-11-2024 00:00,58.7,97.44,35.36,2.1,11.61,None,17.17,0.03,23.88,70.05,0.33,None,None,20.09
29-11-2024 00:00,30-11-2024 00:00,41.88,77.72,31.95,3.32,12.16,None,8.71,0.02,23.93,74.84,0.32,None,None,20.83
30-11-2024 00:00,01-12-2024 00:00,36.05,51.98,32.43,3.14,13.25,None,None,0,23.92,87.45,0.31,None,None,20.17
01-12-2024 00:00,02-12-2024 00:00,17.25,26.29,31.85,3.53,8.41,None,None,0,24.06,95.88,0.34,None,None,19.89
02-12-2024 00:00,03-12-2024 00:00,10.97,23.48,33.98,3.39,7.13,None,5.16,0,24.05,96.43,0.35,91,None,20.6
03-12-2024 00:00,04-12-2024 00:00,17.44,42.59,34.48,3.87,5.86,None,5.33,0,23.91,63.38,0.42,85,None,21.66
04-12-2024 00:00,05-12-2024 00:00,26.09,65.06,34.13,3.66,9.01,None,None,0,23.9,85.1,0.5,94,None,22.73
05-12-2024 00:00,06-12-2024 00:00,13.26,51.11,32.14,4.26,8.65,None,7.69,0,23.99,74.74,0.4,85.67,None,22.96
06-12-2024 00:00,07-12-2024 00:00,26.32,72.33,34.71,3.6,9.1,None,5.22,0,24.2,61.43,0.44,86.33,None,23.84
07-12-2024 00:00,08-12-2024 00:00,31.78,76.41,36.25,3.26,9.07,None,None,0,24.28,68.11,0.46,91,None,23.64
08-12-2024 00:00,09-12-2024 00:00,20.64,61.17,37.17,2.87,9.54,None,None,0,24.6,72.1,0.4,91,None,23.72
09-12-2024 00:00,10-12-2024 00:00,37.93,85,37.66,3.09,7.55,None,None,0,24.18,77.07,0.36,None,None,23
10-12-2024 00:00,11-12-2024 00:00,58.68,93.76,35.98,3.88,9.73,None,None,0,23.63,79.11,0.39,87,None,22.7
11-12-2024 00:00,12-12-2024 00:00,47.99,83.43,40.19,3.59,10.69,None,None,0.02,24.07,81.99,0.5,None,None,21.68
12-12-2024 00:00,13-12-2024 00:00,34.8,56.8,37.5,5.25,10.74,None,None,0,23.5,89.14,0.41,None,None,19.93
13-12-2024 00:00,14-12-2024 00:00,60.07,96.08,37.8,5.06,9.82,None,None,0,23.58,88.94,0.46,None,None,20.66
14-12-2024 00:00,15-12-2024 00:00,67.12,113.96,38.95,4.42,10.57,None,None,0.01,23.72,83.49,0.51,None,None,21.36
15-12-2024 00:00,16-12-2024 00:00,61.52,106.32,41.85,3.54,8.44,None,14.15,0.01,23.83,80.39,0.47,None,None,20.08
16-12-2024 00:00,17-12-2024 00:00,76.64,123.93,42.66,3.81,10.47,None,14.15,0.04,23.72,75.88,0.45,None,None,19.06
17-12-2024 00:00,18-12-2024 00:00,45.27,93.47,42.68,3.77,11.8,None,11.21,0.01,24.09,81.49,0.3,None,None,23.06
18-12-2024 00:00,19-12-2024 00:00,36.99,70.74,41.71,4.26,9.41,None,8.77,0.01,24.19,85.07,0.34,None,None,21.19
19-12-2024 00:00,20-12-2024 00:00,33.86,67.15,43.17,3.95,13.08,None,None,0.02,24.36,83.42,0.36,None,None,22.26
20-12-2024 00:00,21-12-2024 00:00,25.33,57.5,37.09,4.95,11.33,None,None,0,24.02,83.6,0.29,None,None,22.22
21-12-2024 00:00,22-12-2024 00:00,29.93,68.69,40.9,4.05,11.99,None,None,0,24.25,80.52,0.29,None,None,22.71
22-12-2024 00:00,23-12-2024 00:00,40.14,81.51,43.62,3.51,10.49,None,None,0.01,24.57,81.36,0.39,90,None,22.85
23-12-2024 00:00,24-12-2024 00:00,48.26,94.38,46.43,3.27,10.87,None,None,0.03,24.17,80.84,0.37,85,None,22.15
24-12-2024 00:00,25-12-2024 00:00,41.01,84.01,44.32,3.61,12.64,None,None,0.02,24.03,78.52,0.3,None,None,21.89
25-12-2024 00:00,26-12-2024 00:00,19.78,48.47,41.63,4.33,11.05,None,None,0,24.01,84.45,0.28,None,None,20.85
26-12-2024 00:00,27-12-2024 00:00,12.3,37.26,41.15,4.62,11.91,None,None,0,24.26,88.44,0.42,None,None,20.84
27-12-2024 00:00,28-12-2024 00:00,23.43,53.71,42.61,4.45,11.84,None,None,0,23.94,88.11,0.53,None,None,20.5
28-12-2024 00:00,29-12-2024 00:00,30.35,73.31,46.29,3.67,11.98,None,None,0.01,23.97,80.23,0.54,None,None,21.21
29-12-2024 00:00,30-12-2024 00:00,24.95,59.46,44.4,3.79,12.29,None,None,0,24.02,76.88,0.5,None,None,21.85
30-12-2024 00:00,31-12-2024 00:00,28.27,67.41,44.93,3.89,12.35,None,None,0,23.95,82.06,0.51,None,None,21.25
31-12-2024 00:00,01-01-2025 00:00,26.31,71.35,46.29,3.37,12.23,None,None,0.01,23.93,73.13,0.55,None,None,22.28
01-01-2025 00:00,02-01-2025 00:00,57,97.66,50,2.91,11.72,None,6.11,0.08,24.03,76.08,0.54,None,None,21.43
02-01-2025 00:00,03-01-2025 00:00,61.55,108.24,53.61,2.53,12.86,None,6,0.1,23.95,75.61,0.53,97,None,20.95
03-01-2025 00:00,04-01-2025 00:00,58.92,103.9,53.15,3.08,12.85,None,None,0.1,23.98,74.78,0.54,None,None,21
04-01-2025 00:00,05-01-2025 00:00,63.08,120.95,54.65,2.47,13.49,None,None,0.1,24.24,75.67,0.48,68,None,19.86
05-01-2025 00:00,06-01-2025 00:00,66.08,116.82,53.63,2.94,12.45,None,None,0.1,23.95,76.12,0.44,None,None,20.35
06-01-2025 00:00,07-01-2025 00:00,63.57,117.04,55.24,2.75,13.1,None,None,0.1,24.04,74.76,0.43,92.75,None,20.8
07-01-2025 00:00,08-01-2025 00:00,56.84,118.67,54.42,2.84,12.74,None,None,0.09,24.06,74.79,0.37,None,None,20.86
08-01-2025 00:00,09-01-2025 00:00,51.79,104.81,55.06,2.81,12.3,None,None,0.1,24.39,69.91,0.46,None,None,21.56
09-01-2025 00:00,10-01-2025 00:00,71.38,120.55,54.62,3.46,10.46,None,None,0.1,24.07,76.5,0.61,96.5,None,19.98
10-01-2025 00:00,11-01-2025 00:00,73.58,117.33,54.11,3.92,11.91,None,None,0.09,24.07,80.84,0.57,93,None,20.62
11-01-2025 00:00,12-01-2025 00:00,45.79,89.54,52.58,4.32,11.26,None,None,0.08,24.02,83.86,0.48,95,None,20.51
12-01-2025 00:00,13-01-2025 00:00,41.72,79.06,50.84,4.13,12.52,None,None,0.07,24.11,75.83,0.52,96,None,22.18
13-01-2025 00:00,14-01-2025 00:00,31.65,64.84,50.21,4.61,12.86,None,None,0.03,24.24,82.2,0.52,None,None,21.93
14-01-2025 00:00,15-01-2025 00:00,22.28,52.74,48.21,4.87,13.4,None,None,0.01,24.16,80.66,0.61,99,None,21.88
15-01-2025 00:00,16-01-2025 00:00,19.59,54.4,49.96,4.51,12.88,None,None,0.04,24.11,80.94,0.6,None,None,20.59
16-01-2025 00:00,17-01-2025 00:00,41.99,85.38,53.35,4.03,12.74,None,None,0.08,24.07,77.84,0.58,77,None,21.26
17-01-2025 00:00,18-01-2025 00:00,68.48,110.86,52.63,4.26,13.65,None,14.05,0.08,24.1,79.28,0.58,99,None,20.51
18-01-2025 00:00,19-01-2025 00:00,66.09,110.33,47.15,9.48,13.14,0.63,22.99,0.06,24.2,75.68,0.54,None,None,21.18
19-01-2025 00:00,20-01-2025 00:00,34.54,70.14,32.42,5.06,8.49,0.35,5.11,0.03,25.37,91.1,0.32,None,None,19.31
20-01-2025 00:00,21-01-2025 00:00,28.42,74.84,33.93,4.28,9.21,0.38,6.9,0.04,25.25,77.88,0.4,None,None,22.16
21-01-2025 00:00,22-01-2025 00:00,46.83,99.33,42.22,4.25,9.7,0.45,5.46,0.1,25.05,73.81,0.48,93,None,21.38
22-01-2025 00:00,23-01-2025 00:00,43.1,99.27,43.61,4.24,9.55,0.39,5.84,0.1,24.95,74.62,0.52,90,None,21.65
23-01-2025 00:00,24-01-2025 00:00,40.85,94.83,42.33,4.29,11.07,0.38,6.13,0.09,25.08,76.72,0.52,88.5,None,22.71
24-01-2025 00:00,25-01-2025 00:00,35.07,87.85,46.3,4.15,9.62,0.39,5.46,0.1,25.02,75.43,0.54,92.67,None,21.81
25-01-2025 00:00,26-01-2025 00:00,36.89,92.54,49.84,4.33,9.62,0.51,5.3,0.1,24.93,71.77,0.47,85.5,None,21.8
26-01-2025 00:00,27-01-2025 00:00,21.95,55.16,47.76,4.06,10.35,0.41,4.89,0.1,24.97,65.01,0.54,98,None,22.68
27-01-2025 00:00,28-01-2025 00:00,31.34,78.66,49.44,4.58,10.72,0.43,7,0.1,24.94,68.61,0.46,89,None,22.18
28-01-2025 00:00,29-01-2025 00:00,53.33,133.54,48.18,5.17,10.43,0.42,27.53,0.08,24.82,68.67,0.5,98,None,22.17
29-01-2025 00:00,30-01-2025 00:00,58.56,146.68,49.95,5.52,9.95,0.46,10.69,0.09,25.21,69.57,0.53,None,None,22.84
30-01-2025 00:00,31-01-2025 00:00,45.93,115.02,47.02,5.36,10.59,0.42,9.96,0.09,25.27,75.67,0.5,93.83,None,22.51
31-01-2025 00:00,01-02-2025 00:00,22.8,57.34,46.68,5.05,9.66,0.41,6.93,0.08,25.45,72.44,0.53,88.08,None,24.54
01-02-2025 00:00,02-02-2025 00:00,25.21,63.33,47.14,5.12,9.3,0.43,9.23,0.07,25.48,71.03,0.48,None,None,24.62
02-02-2025 00:00,03-02-2025 00:00,21.01,52.74,49.24,4.96,9.58,0.47,7.55,0.1,25.41,65.07,0.51,None,None,24.67
03-02-2025 00:00,04-02-2025 00:00,22.9,57.53,52.65,5.08,8.69,0.43,5.74,0.1,25.31,62.32,0.5,90.83,None,23.86
04-02-2025 00:00,05-02-2025 00:00,30.1,75.57,54.87,5.53,11.2,0.45,5.71,0.1,25.15,59.2,0.49,88.17,None,23.74
05-02-2025 00:00,06-02-2025 00:00,49.32,120.11,51.4,6.55,10.35,0.41,15.91,0.06,25.32,60.97,0.58,88.83,None,24.24
06-02-2025 00:00,07-02-2025 00:00,35.84,88.85,49.01,6.12,10.21,0.39,7.4,0.06,25.18,60.36,0.58,90.89,None,23.72
07-02-2025 00:00,08-02-2025 00:00,42.15,94.29,49.8,6.38,9.97,0.43,6.33,None,24.99,59.54,0.57,92.2,None,23.76
08-02-2025 00:00,09-02-2025 00:00,60.55,118.48,52.82,6.87,10.34,0.37,7.16,0.03,24.88,64.38,0.56,91.75,None,23.64
09-02-2025 00:00,10-02-2025 00:00,75.15,134.07,53.63,7.01,9.81,0.33,8.03,0.02,24.98,66.54,0.56,90,None,23.74
10-02-2025 00:00,11-02-2025 00:00,80.1,140.73,53.33,7.66,9.48,0.44,7.44,0.05,25.12,69.27,0.55,95,None,23.29
11-02-2025 00:00,12-02-2025 00:00,49.4,106.69,55.23,8.32,9.77,0.43,6.49,0.04,25.66,64.97,0.55,91,None,24.2
12-02-2025 00:00,13-02-2025 00:00,35.6,94.15,53,5.97,8.17,0.55,7.68,0.06,24.39,42.21,0.5,89,None,24.87
13-02-2025 00:00,14-02-2025 00:00,45.91,105.69,54.7,7.58,7.75,0.49,12.61,0.04,25.1,55.04,0.55,87,None,25.48
14-02-2025 00:00,15-02-2025 00:00,37.88,99.43,53.64,9.73,8.01,0.46,9.93,None,26.09,67.44,0.38,90,None,25.67
15-02-2025 00:00,16-02-2025 00:00,41.81,95.75,45,6.61,8.25,0.38,17.33,0.01,None,None,None,None,None,24.95
16-02-2025 00:00,17-02-2025 00:00,39.43,91.39,46.21,6.36,9.52,0.38,17.96,0.02,None,None,None,None,None,25.38
17-02-2025 00:00,18-02-2025 00:00,40.16,87.3,47.47,6.53,8.07,0.39,16.06,0.03,24.79,60.33,0.71,96.33,None,25.08
18-02-2025 00:00,19-02-2025 00:00,36.85,88.44,50.06,6.38,8.01,0.37,10.69,0.01,24.52,60.62,0.6,88.07,None,25.03
19-02-2025 00:00,20-02-2025 00:00,39.15,97.64,55.11,6.74,8.21,0.41,9.92,0,24.73,58.43,0.57,89.75,None,25.93
20-02-2025 00:00,21-02-2025 00:00,41.38,101.85,54.85,7.06,8.51,0.4,10.01,0,24.74,60.11,0.58,88.8,None,25.95
21-02-2025 00:00,22-02-2025 00:00,39.46,96.01,48.53,7.53,8.55,0.43,25.37,0,25.02,61.96,0.61,84,None,25.92
22-02-2025 00:00,23-02-2025 00:00,43.86,104.74,41.97,8.09,9.19,0.38,33.95,0,25.11,63.35,0.58,97,None,25.84
23-02-2025 00:00,24-02-2025 00:00,42.3,105.14,47.67,9.82,9.09,0.36,14.26,0,25.94,63.71,0.57,92.67,None,25.82
24-02-2025 00:00,25-02-2025 00:00,37.12,92.75,42.86,None,8.7,0.41,9.43,0,24.66,29.22,0.79,None,None,25.1
25-02-2025 00:00,26-02-2025 00:00,34.55,82.59,42.69,15.34,7.78,0.55,11.12,0,24.91,41.49,0.7,90,None,24.49
26-02-2025 00:00,27-02-2025 00:00,30.05,77.54,42.69,7.8,8.25,0.36,7.32,0,24.53,39.36,0.77,None,None,24.81
27-02-2025 00:00,28-02-2025 00:00,33.18,80.27,47.55,7.25,9.02,0.38,9.46,0,24.54,40.32,0.71,None,None,24.66
28-02-2025 00:00,01-03-2025 00:00,26.65,69.87,48.29,7.3,9.09,0.39,7.82,0,24.84,42.52,0.63,84.5,None,24.9
01-03-2025 00:00,02-03-2025 00:00,22.58,66.41,42.81,7.17,9.4,0.44,7.87,0,24.93,51.34,0.69,93.67,None,24.87
02-03-2025 00:00,03-03-2025 00:00,21.96,60.62,42.92,7.36,9.65,0.38,8.68,0,25.26,47.1,0.64,84.18,None,26.18
03-03-2025 00:00,04-03-2025 00:00,25.43,76.09,43.97,7.3,8.74,0.44,15.29,0,25.29,45.72,0.56,96.33,None,26.79
04-03-2025 00:00,05-03-2025 00:00,34.82,95.9,50.73,8.91,8.45,0.46,10.02,0,24.5,38,0.57,95,None,26.98
05-03-2025 00:00,06-03-2025 00:00,52.89,123.92,54.07,8.52,7.05,0.35,12.93,0,22.37,34.74,0.46,93.17,None,27.13
06-03-2025 00:00,07-03-2025 00:00,50.78,110.49,48.67,8.55,8.47,0.4,22.52,0,22.16,38.34,0.41,None,None,26.54
07-03-2025 00:00,08-03-2025 00:00,56.51,135.47,54.65,7.97,8.92,0.41,24.19,0.01,22.95,31.26,0.47,86.67,None,26.71
08-03-2025 00:00,09-03-2025 00:00,59.11,130.67,58.68,8.37,9.65,0.42,21.94,0.02,24.88,35.08,0.49,88.2,None,26.5
09-03-2025 00:00,10-03-2025 00:00,64.32,127.54,54.74,8.71,8.31,0.34,32.27,0,24.89,35.02,0.64,91,None,26.94
10-03-2025 00:00,11-03-2025 00:00,33.79,82.95,47.58,8.32,9.19,0.38,16.02,0,24.92,45.97,0.71,96,None,24.8
11-03-2025 00:00,12-03-2025 00:00,20.18,62.52,43.1,7.62,8.9,0.38,8.49,0,25.2,52.8,0.77,91,None,24.39
12-03-2025 00:00,13-03-2025 00:00,9.62,41.4,43.8,7.61,9.29,0.4,7.45,0,25.57,53.01,0.69,94.2,None,25.45
13-03-2025 00:00,14-03-2025 00:00,14.91,49.26,47.7,7.2,9.49,0.48,9.46,0,25.65,44.4,0.55,89.2,None,26.68
14-03-2025 00:00,15-03-2025 00:00,30.38,74.45,52.73,7.45,8.95,0.43,14.79,0.03,25.34,40.79,0.59,91.33,None,27.36
15-03-2025 00:00,16-03-2025 00:00,44.24,89.46,54.52,8.03,9.28,0.43,20.76,0.03,25.37,35.71,0.59,92.33,None,26.9
16-03-2025 00:00,17-03-2025 00:00,34.55,72.14,52.45,7.94,9.56,0.36,11.89,0,25.5,43.28,0.6,90.31,None,26.53
17-03-2025 00:00,18-03-2025 00:00,37.7,72.45,42.51,8.69,10.28,0.5,27.47,0,26.07,44.96,0.48,86,None,27.88
18-03-2025 00:00,19-03-2025 00:00,28.16,64.43,45.51,8.24,9.66,0.4,25.56,0,26.02,42.82,0.59,87.36,None,28.06
19-03-2025 00:00,20-03-2025 00:00,32.54,68.41,46.53,7.82,10.66,0.39,13.37,0,25.68,46.01,0.67,88.43,None,27.15
20-03-2025 00:00,21-03-2025 00:00,34.26,72.61,48.55,7.98,10.49,0.43,9.71,0,25.75,44.81,0.71,90.33,None,26.87
21-03-2025 00:00,22-03-2025 00:00,32.93,76.11,50.1,8.13,9.7,0.45,14.85,0,25.85,46.41,0.6,90.33,None,26.43
22-03-2025 00:00,23-03-2025 00:00,34.57,67.61,47.97,8.42,10.72,0.34,14.8,0,26.02,57.8,0.63,86.82,None,24.6
23-03-2025 00:00,24-03-2025 00:00,31.87,66.73,52.56,7.72,10.06,0.42,7.83,0.01,25.78,56.19,0.48,84,None,24.93
24-03-2025 00:00,25-03-2025 00:00,29.49,71.82,48.49,7.72,10.36,0.42,25.75,0,26.65,49.92,0.55,92.6,None,26.66
25-03-2025 00:00,26-03-2025 00:00,30.79,73.31,58.08,0.18,10.68,0.45,29.4,0,25.84,46.61,0.54,94,None,26.76
26-03-2025 00:00,27-03-2025 00:00,36.44,79.47,60.45,2.36,9.94,0.44,17.29,0.01,25.38,41.84,0.52,84,None,27
27-03-2025 00:00,28-03-2025 00:00,41.58,84.78,53.26,2.41,10.84,0.41,37.73,0.97,25.92,41.42,0.46,76.5,None,26.93
28-03-2025 00:00,29-03-2025 00:00,43.38,89.97,55.74,2.42,10.45,0.46,28.85,0.27,25.89,42.19,0.55,82.75,None,27.7
29-03-2025 00:00,30-03-2025 00:00,49.26,102.99,0.26,2.16,10.28,0.43,48.1,0.16,25.95,35.27,0.5,92.33,None,27.99
30-03-2025 00:00,31-03-2025 00:00,49.43,96.33,0.22,2.12,11.85,0.47,27.6,0.19,25.58,28.64,0.52,92.86,None,27.49
31-03-2025 00:00,01-04-2025 00:00,56,97.45,0.23,2.12,10.84,0.54,65.58,0.27,26.32,32.68,0.45,92,None,25.21
01-04-2025 00:00,02-04-2025 00:00,65.81,108.13,0.9,None,10.49,0.48,44.38,0.16,25.94,45.96,0.56,100,None,24.96
02-04-2025 00:00,03-04-2025 00:00,47.85,92.89,None,None,10.19,0.48,39.11,0.16,26.21,48.87,0.61,86.38,None,25.83
03-04-2025 00:00,04-04-2025 00:00,31.11,62.5,None,None,2.83,0.45,6.77,0.16,26.1,61.81,0.4,86,None,23.34
04-04-2025 00:00,05-04-2025 00:00,18.45,44.76,None,None,2.45,0.37,9.11,0.14,26.29,51.19,0.44,None,None,25.69
05-04-2025 00:00,06-04-2025 00:00,14.18,39.96,None,None,2.76,0.44,10.2,0.12,25.96,45.83,0.51,85.77,None,26.76
06-04-2025 00:00,07-04-2025 00:00,24.81,54.08,None,None,2.53,0.38,12.67,0.12,25.94,46.64,0.44,93,None,27.25
07-04-2025 00:00,08-04-2025 00:00,47.57,88.23,None,None,2.86,0.45,12.77,0.15,25.87,53.46,0.49,95.5,None,28.28
08-04-2025 00:00,09-04-2025 00:00,30.52,67.46,None,None,2.56,0.39,16.1,0.14,26,52.6,0.52,81.33,None,28.05
09-04-2025 00:00,10-04-2025 00:00,25.57,68.2,None,None,2.63,0.41,24.55,0.14,25.93,41.44,0.48,93,None,27.62
10-04-2025 00:00,11-04-2025 00:00,30.55,62.77,28.86,3.49,2.17,0.31,33.76,0.11,26.02,70.01,0.57,89.23,None,27.05
11-04-2025 00:00,12-04-2025 00:00,28.37,62.56,14.48,5.64,3.4,0.49,29.77,0.12,26.16,83.33,0.54,86,None,26.25
12-04-2025 00:00,13-04-2025 00:00,25.04,49.36,7.01,5.53,4.59,0.46,30.08,0.11,25.96,84.04,0.5,91.88,None,25.63
13-04-2025 00:00,14-04-2025 00:00,22.43,56.58,9.32,5.21,6.81,0.49,45.36,0.55,26.23,75.29,0.43,86,None,26.69
14-04-2025 00:00,15-04-2025 00:00,33.64,71.04,12.48,4.89,8.5,0.46,26.84,0.64,25.92,72.99,0.43,93,None,26.35
15-04-2025 00:00,16-04-2025 00:00,28.34,61.36,13.13,5.02,8.08,0.37,21.11,0.12,25.77,64.22,0.44,84.33,None,26.98
16-04-2025 00:00,17-04-2025 00:00,29.9,59.16,13.58,7.17,8.66,0.51,37.08,0.13,27.82,76.63,0.48,82.14,None,24.6
17-04-2025 00:00,18-04-2025 00:00,27.54,58.18,1.48,9.48,6.83,0.43,13.78,0.14,26.17,72.01,0.37,89,None,25.65
18-04-2025 00:00,19-04-2025 00:00,30.28,60.28,5.67,8.17,7.01,0.5,10.16,0.14,26.21,73.1,0.45,95.2,None,24.93
19-04-2025 00:00,20-04-2025 00:00,31.5,64.45,8.95,6.49,6.08,0.51,14.01,0.15,25.68,70.02,0.38,86.75,None,26.5
20-04-2025 00:00,21-04-2025 00:00,28.6,60.72,10.42,6.43,5.3,0.45,11.3,0.16,25.69,73.15,0.45,84.75,None,25.61
21-04-2025 00:00,22-04-2025 00:00,31.53,74.97,10.54,6.45,6.33,0.49,15.12,0.16,25.72,77.07,0.47,99,None,27.03
22-04-2025 00:00,23-04-2025 00:00,43.75,106.8,11.74,6.32,5.72,0.54,23.61,0.24,25.86,74.34,0.46,98,None,28.18
23-04-2025 00:00,24-04-2025 00:00,37.38,86.18,9.09,5.76,4.98,0.34,25.07,0.12,25.46,74.61,0.47,91,None,28.18
24-04-2025 00:00,25-04-2025 00:00,33.64,97.14,12.12,7.45,5.32,0.28,19.98,0.22,27.95,65.7,0.64,None,None,32.44
25-04-2025 00:00,26-04-2025 00:00,34.27,86.59,10.41,6.64,4.81,0.39,19.17,0.19,26.54,70.32,0.54,85,None,28.68
26-04-2025 00:00,27-04-2025 00:00,31.71,79.78,23.48,7.74,5.49,0.39,24.65,0.15,26.5,76.05,0.61,89.33,None,28.48
27-04-2025 00:00,28-04-2025 00:00,31.98,73.28,33.75,6.62,5.98,0.39,22.15,0.13,26.07,82.76,0.49,85,None,28.16
28-04-2025 00:00,29-04-2025 00:00,29.89,67.71,32.04,4.88,6.94,0.5,43.96,0.13,26.49,60.98,0.42,76,None,27.14
29-04-2025 00:00,30-04-2025 00:00,30.69,74.88,26.48,2.21,5.82,0.44,26.58,0.14,25.93,46.83,0.46,76.25,None,27.99
30-04-2025 00:00,01-05-2025 00:00,28.69,72.53,12.64,1.6,7.18,0.41,19.19,0.13,25.66,48.71,0.45,87.23,None,27.14
01-05-2025 00:00,02-05-2025 00:00,20.45,42.45,15.09,1.57,6.18,0.46,16.5,0.1,25.66,68.42,0.39,83.83,None,25.79
02-05-2025 00:00,03-05-2025 00:00,26.61,53.14,14.75,1.68,6.44,0.43,18.59,0.13,25.69,70.85,0.38,81.8,None,24.29
03-05-2025 00:00,04-05-2025 00:00,19.56,41.3,15.25,1.78,5.18,0.41,21.27,0.11,25.62,54.05,0.37,87.33,None,25.48
04-05-2025 00:00,05-05-2025 00:00,20.07,51.49,14.6,1.81,6.11,0.4,17.61,0.1,25.59,51.32,0.46,87,None,26.57
05-05-2025 00:00,06-05-2025 00:00,26.4,61.36,14.42,2.02,6.54,0.41,27.85,0.12,25.98,50.66,0.42,94.5,None,26.83
06-05-2025 00:00,07-05-2025 00:00,20.95,55.84,16.25,1.62,6.49,0.48,12.48,0.1,25.43,45.47,0.42,55,None,27.16
07-05-2025 00:00,08-05-2025 00:00,21.86,62.35,16.2,1.55,6.25,0.37,12.78,0.1,25.51,58.32,0.48,91.2,None,27.19
08-05-2025 00:00,09-05-2025 00:00,16.39,51.02,16.32,1.56,6.88,0.38,13.18,0.09,25.69,66.39,0.5,86,None,26.86
09-05-2025 00:00,10-05-2025 00:00,21.59,58.09,18.18,1.45,6.47,0.46,11.77,0.11,25.47,78.85,0.39,None,None,26.59
10-05-2025 00:00,11-05-2025 00:00,22.69,59.94,18.56,1.48,6.69,0.43,13.16,0.17,25.44,80.73,0.43,81.25,None,26.59
11-05-2025 00:00,12-05-2025 00:00,20.56,50.11,17.88,1.43,5.27,0.38,11.81,0.17,25.51,81.64,0.42,89.67,None,26.02
12-05-2025 00:00,13-05-2025 00:00,13.12,39.71,14.76,1.45,6.8,0.43,17.01,0.12,25.69,81.01,0.53,93,None,27.15
13-05-2025 00:00,14-05-2025 00:00,13.31,29.81,14.46,1.46,6.4,0.59,20.67,0.18,25.58,81.49,0.46,85.4,None,24.3
14-05-2025 00:00,15-05-2025 00:00,13.76,29.85,14.18,1.56,6.84,0.4,15.19,0.14,25.43,65.55,0.34,86,None,24.65
15-05-2025 00:00,16-05-2025 00:00,11.95,25.77,15.86,1.56,5.85,0.39,13.52,0.1,25.69,74.85,0.31,86.83,None,24.71
16-05-2025 00:00,17-05-2025 00:00,12.85,30.75,15.85,1.52,6.7,0.38,11.85,0.14,25.41,27.3,0.32,87,None,25.41
17-05-2025 00:00,18-05-2025 00:00,8.85,23.52,15.27,2.13,5.77,0.41,9.55,0.09,26.11,32.39,0.33,None,None,24.15
18-05-2025 00:00,19-05-2025 00:00,9.2,20.42,14.02,1.38,7.52,0.48,9.46,0.09,None,None,None,None,None,24.09
19-05-2025 00:00,20-05-2025 00:00,11.04,18.4,14.14,2.19,5.22,0.53,9.51,0.14,26.76,68.87,0.23,None,None,22.68
20-05-2025 00:00,21-05-2025 00:00,8.92,18.3,11.54,1.73,6.28,0.45,11.71,0.16,26.5,71.71,0.33,86.67,None,22.48
21-05-2025 00:00,22-05-2025 00:00,6.5,26.6,9.96,1.7,6.61,0.36,13.75,0.08,25.46,64.14,0.57,95.33,None,22.53
22-05-2025 00:00,23-05-2025 00:00,17.41,65.16,12.09,1.86,6.44,0.38,11.3,0.09,25.48,56.09,0.52,89.75,None,23.68
23-05-2025 00:00,24-05-2025 00:00,8.33,32.51,12.12,1.73,6.12,0.39,11.84,0.08,25.44,59.14,0.67,90.1,None,23.42
24-05-2025 00:00,25-05-2025 00:00,2.94,13.26,11.33,1.65,6.72,0.37,13.58,0.05,25.44,62.95,0.86,93,None,22.89
25-05-2025 00:00,26-05-2025 00:00,1.84,9.67,12.34,1.62,6.59,0.4,12.32,0.02,25.88,70.47,1.01,95.94,None,22.27
26-05-2025 00:00,27-05-2025 00:00,2.9,10.06,12.72,1.59,6.91,0.36,13.21,0.05,26.4,67.3,0.42,98,None,22
27-05-2025 00:00,28-05-2025 00:00,6.48,20.1,11.38,1.57,7.02,0.42,15.66,0.08,26.57,60.66,0.24,94,None,23.05
28-05-2025 00:00,29-05-2025 00:00,4.83,18.41,12.92,1.46,7.66,0.38,12.12,0.08,26.4,63.42,0.3,None,None,22.8
29-05-2025 00:00,30-05-2025 00:00,4.76,17.12,12.55,1.45,6.18,0.41,14.08,0.08,25.7,66.58,0.71,94.71,None,22.43
30-05-2025 00:00,31-05-2025 00:00,5.91,27.32,13.45,1.44,7.44,0.38,11.77,0.08,25.78,65.8,0.68,97.5,None,22.5
31-05-2025 00:00,01-06-2025 00:00,8.41,39.6,13.72,1.4,6.88,0.38,11.38,0.07,26,61.59,0.68,98,None,24.07
01-06-2025 00:00,02-06-2025 00:00,8.47,39.42,13.17,1.29,7.53,0.39,11.44,0.08,25.75,58.42,0.69,None,None,24.81
02-06-2025 00:00,03-06-2025 00:00,3.97,35.07,11.47,1.25,7.16,0.42,13.79,0.06,26.03,48.92,0.69,92.43,None,23.11
03-06-2025 00:00,04-06-2025 00:00,4.5,25.65,12.56,1.25,8.79,0.41,11.89,0.06,25.67,42.09,0.61,89.73,None,23.75
04-06-2025 00:00,05-06-2025 00:00,10.41,48.81,12.1,1.3,8.1,0.39,13.89,0.03,25.62,38.5,0.53,89,None,24.76
05-06-2025 00:00,06-06-2025 00:00,17.78,82.18,11.88,1.24,7.5,0.39,18.29,0.03,25.71,40.54,0.39,None,None,24.77
06-06-2025 00:00,07-06-2025 00:00,19.73,88.47,13.75,1.19,6.77,0.4,13.75,0.03,25.55,42.75,0.38,None,None,25.55
07-06-2025 00:00,08-06-2025 00:00,15.45,58.93,14.46,1.19,7.27,0.38,12.25,0.03,25.56,49.19,0.46,None,None,25.94
08-06-2025 00:00,09-06-2025 00:00,11.93,43.23,14.78,1.22,6.84,0.4,11.56,0.02,25.57,61.86,0.43,90.5,None,25.55
09-06-2025 00:00,10-06-2025 00:00,6.93,32.84,12.7,1.43,6.85,0.34,12.34,0.02,26.58,75.48,0.36,None,None,23.44
10-06-2025 00:00,11-06-2025 00:00,10.07,40.66,13.62,1.17,6.41,0.42,11.28,0.01,25.59,69.73,0.41,92.5,None,24.69
11-06-2025 00:00,12-06-2025 00:00,10.61,38.28,13.6,1.29,6.01,0.41,10.4,0.01,25.94,78.18,0.34,82.67,None,23.05
12-06-2025 00:00,13-06-2025 00:00,4.28,19.57,14.82,1.24,6.71,0.39,10.92,0,25.59,74.85,0.49,93.2,None,23.38
13-06-2025 00:00,14-06-2025 00:00,3.88,16.79,14.4,1.27,6.64,0.38,11.39,0,25.69,73.16,0.59,88,None,23.18
14-06-2025 00:00,15-06-2025 00:00,3.27,15.86,15.04,1.24,6.34,0.37,10.07,0,25.59,77.08,0.59,95.6,None,22.36
15-06-2025 00:00,16-06-2025 00:00,2.25,9.24,14.33,1.28,7.48,0.37,9.8,0,26.11,78.83,0.7,97,None,21.73
16-06-2025 00:00,17-06-2025 00:00,3.55,18.77,14.89,1.17,6.8,0.39,10.48,0,25.59,74.8,0.63,None,None,22.18
17-06-2025 00:00,18-06-2025 00:00,3.05,18.01,14.78,1.17,5.99,0.41,9.21,0,25.6,76.68,0.51,100,None,22.43
18-06-2025 00:00,19-06-2025 00:00,4.03,27.14,15.4,1.14,7.38,0.42,8.57,0,25.61,76.24,0.46,92.25,None,22.63
19-06-2025 00:00,20-06-2025 00:00,7.69,35.18,14.88,1.13,6.29,0.35,8.88,0,25.62,72.45,0.5,None,None,23.45
20-06-2025 00:00,21-06-2025 00:00,4.31,30.22,13.14,1.13,6.99,0.37,10.27,0,25.54,72.08,0.51,92,None,24.13
21-06-2025 00:00,22-06-2025 00:00,5.27,29.29,14.37,1.11,6.69,0.39,8.88,0.01,25.57,74.64,0.46,None,None,23.61
22-06-2025 00:00,23-06-2025 00:00,3.98,23.43,15.01,1.09,5.46,0.39,8.26,0,25.62,82.76,0.42,86,None,22.35
23-06-2025 00:00,24-06-2025 00:00,5.52,25.79,14.4,1.06,6.27,0.39,8.56,0,25.62,76.89,0.52,None,None,22.68
24-06-2025 00:00,25-06-2025 00:00,5.52,30.48,12.46,1.13,5.79,0.36,12.36,0,25.59,76.72,0.54,None,None,22.84
25-06-2025 00:00,26-06-2025 00:00,4.93,27.34,11.82,1.16,6.58,0.34,11.5,0,25.58,77.46,0.53,96,None,22.92
26-06-2025 00:00,27-06-2025 00:00,5.55,28.14,12.87,1.13,6.98,0.35,10.75,0,25.55,76.88,0.51,None,None,23.44
27-06-2025 00:00,28-06-2025 00:00,5.6,31.54,12.07,1.15,6.49,0.45,10.68,0,25.99,78.33,0.5,95,None,23.27
28-06-2025 00:00,29-06-2025 00:00,7.57,38.15,13.05,1.05,5.55,0.35,9.77,0,25.5,71.47,0.42,94,None,23.67
29-06-2025 00:00,30-06-2025 00:00,6.74,33.93,12.62,1.02,7.11,0.42,10.18,0,25.56,66.97,0.39,None,None,23.84
30-06-2025 00:00,01-07-2025 00:00,5.17,34.64,13,1.02,5.93,0.4,9.46,0,25.68,65.55,0.34,None,None,23.85
01-07-2025 00:00,02-07-2025 00:00,6.85,32.61,12.18,1.05,6.11,0.32,11.59,0,25.55,69.04,0.23,None,None,22.6
02-07-2025 00:00,03-07-2025 00:00,6.99,29.21,14.29,0.98,6.31,0.44,8.23,0,25.61,72.32,0.22,None,None,22.58
03-07-2025 00:00,04-07-2025 00:00,3.19,19.62,13.39,1.04,10.12,0.43,8.88,0,25.64,72.37,0.37,None,None,22.45
04-07-2025 00:00,05-07-2025 00:00,3.5,26.75,14.08,0.98,7.74,0.41,8.2,0,25.63,67.07,0.51,96,None,23.39
05-07-2025 00:00,06-07-2025 00:00,2.91,21.76,14.26,0.94,8.71,0.37,7.99,0,25.61,70.79,0.47,98,None,22.47
06-07-2025 00:00,07-07-2025 00:00,4.84,26.5,14.21,0.92,8.68,0.37,8,0,25.62,70.35,0.46,None,None,22.64
07-07-2025 00:00,08-07-2025 00:00,7.8,40.5,14.17,0.93,9.26,0.4,8.34,0,25.6,67.18,0.45,None,None,23.09
08-07-2025 00:00,09-07-2025 00:00,8.22,48.71,14.07,0.91,9.66,0.4,8.57,0,25.61,65.39,0.38,None,None,23.81
09-07-2025 00:00,10-07-2025 00:00,7.1,42.2,13.75,0.92,10.54,0.39,8.93,0,25.6,66,0.39,98,None,23.97
10-07-2025 00:00,11-07-2025 00:00,6.82,36.43,14.38,0.95,9.28,0.39,8.19,0.01,25.7,67.92,0.35,99,None,23.94
11-07-2025 00:00,12-07-2025 00:00,7.05,28.98,15.02,0.93,9.28,0.43,7.95,0.01,25.62,73.55,0.32,96.5,None,22.92
12-07-2025 00:00,13-07-2025 00:00,5.91,21.14,15.91,0.9,8.57,0.44,7.64,0.02,25.63,74.73,0.24,None,None,22.63
13-07-2025 00:00,14-07-2025 00:00,4.54,21.51,15.72,0.91,9.93,0.43,7.88,0.01,25.62,72.82,0.25,79,None,23.32
14-07-2025 00:00,15-07-2025 00:00,3.72,24.74,13.99,0.92,10.11,0.4,9.03,0,25.57,71.32,0.3,None,None,23.09
15-07-2025 00:00,16-07-2025 00:00,4.77,22.78,13.89,0.93,9.17,0.4,9.2,0,25.57,68.83,0.3,99,None,23.04
16-07-2025 00:00,17-07-2025 00:00,7.85,28.28,14.8,1,10.17,0.38,9.66,0,25.79,72.18,0.25,92,None,22.75
17-07-2025 00:00,18-07-2025 00:00,4.47,18.18,14.73,0.96,8.79,0.42,7.94,0,25.82,76.21,0.27,86.33,None,22.51
18-07-2025 00:00,19-07-2025 00:00,6.18,23.85,14.83,0.97,9.59,0.38,8.21,0,25.74,73.45,0.28,87,None,22.45
19-07-2025 00:00,20-07-2025 00:00,5.07,22.35,15.27,0.98,8.5,0.45,8.14,0,25.81,69.77,0.33,None,None,21.58
20-07-2025 00:00,21-07-2025 00:00,2.78,14.76,16.08,1,8.49,0.41,7.89,0,25.81,74.05,0.31,93.75,None,21.73
21-07-2025 00:00,22-07-2025 00:00,4.88,16.04,15.32,1.03,7.78,0.43,8.2,0,25.9,73.31,0.28,94,None,21.09
22-07-2025 00:00,23-07-2025 00:00,4.84,19.64,15.71,1.03,8.98,0.4,7.89,0,25.82,67.9,0.33,80,None,21.23
23-07-2025 00:00,24-07-2025 00:00,4.66,21.7,15.42,1,9.56,0.45,7.76,0,25.74,63.64,0.42,None,None,21.93
24-07-2025 00:00,25-07-2025 00:00,5.19,19.56,15.84,0.98,8.85,0.43,7.78,0,25.76,64.96,0.41,None,None,21.32
25-07-2025 00:00,26-07-2025 00:00,3.43,21.44,14.39,0.99,9.49,0.42,7.87,0,25.79,69.34,0.49,97,None,21.58
26-07-2025 00:00,27-07-2025 00:00,4.23,18.08,15.04,1.02,8.87,0.42,7.51,0,26.05,64.96,0.46,90,None,21.26
27-07-2025 00:00,28-07-2025 00:00,2.79,21.29,15.52,0.96,9.92,0.41,7.55,0,25.87,65.02,0.42,100,None,21.47
28-07-2025 00:00,29-07-2025 00:00,3.79,26.15,14.72,0.99,8.93,0.39,7.9,0,25.91,61.64,0.42,None,None,21.47
29-07-2025 00:00,30-07-2025 00:00,3.9,22.17,14.15,0.93,8.97,0.46,9.19,0,25.84,66.26,0.41,97,None,21.39
30-07-2025 00:00,31-07-2025 00:00,5.73,31.29,14.56,1.39,8.8,0.32,9.08,0,26.56,61.9,0.38,93,None,22.56
31-07-2025 00:00,01-08-2025 00:00,8.06,39.78,14.37,0.99,7.35,0.35,7.9,0.01,26.4,63.19,0.39,94,None,22.75
01-08-2025 00:00,02-08-2025 00:00,9.27,48.18,15.05,0.84,5.68,0.3,7.82,0,25.47,63.02,0.31,None,None,23.47
02-08-2025 00:00,03-08-2025 00:00,11.49,55.22,16.61,0.96,6.7,0.32,7.82,0.01,26.32,62.69,0.32,96.5,None,23.56
03-08-2025 00:00,04-08-2025 00:00,8.13,28.56,16.59,1.12,5.76,0.38,7.94,0.02,26.67,68.71,0.32,None,None,24.03
04-08-2025 00:00,05-08-2025 00:00,8.47,17.83,14.86,0.92,6.08,0.38,7.92,0.03,25.45,65.33,0.26,90,None,22.88
05-08-2025 00:00,06-08-2025 00:00,6.7,18.43,14.75,0.91,6.73,0.4,9.53,0.04,25.58,72.41,0.26,95,None,22.44
06-08-2025 00:00,07-08-2025 00:00,4.29,12.4,13.52,0.86,6.89,0.39,9.64,0.02,25.73,59.71,0.29,75,None,23.46
07-08-2025 00:00,08-08-2025 00:00,7.42,16.86,15.33,0.85,6.99,0.34,7.49,0.02,25.96,67.05,0.29,72,None,23.26
08-08-2025 00:00,09-08-2025 00:00,7.45,17.79,15.15,0.53,5.02,0.33,9.13,0.03,25.93,62.12,0.26,84,None,23.58
09-08-2025 00:00,10-08-2025 00:00,5.28,15.9,15.82,0.4,5.98,0.38,8.69,0.02,25.99,67.32,0.24,71.5,None,22.47
10-08-2025 00:00,11-08-2025 00:00,3.75,10.15,15.91,0.55,6.02,0.34,7.66,0.02,26.1,75.62,0.23,91,None,21
11-08-2025 00:00,12-08-2025 00:00,7.29,23.73,14.58,0.31,5.95,0.37,8.49,0,26.18,65.86,0.29,79.67,None,21.97
12-08-2025 00:00,13-08-2025 00:00,5.05,23.86,14.92,0.16,6.95,0.31,8.56,0,26.03,60.15,0.31,None,None,21.76
13-08-2025 00:00,14-08-2025 00:00,5.46,17.11,16.25,0.18,5.94,0.37,7.94,0.03,26.35,78.31,0.27,76,None,20.39
14-08-2025 00:00,15-08-2025 00:00,4.77,18.46,15.24,0.37,5.76,0.35,8.6,0.01,26.43,70.89,0.36,87.67,None,21.26
15-08-2025 00:00,16-08-2025 00:00,4.86,19.33,16.13,0.21,6.9,0.31,8.81,0,26.1,63.14,0.41,93,None,21.46
16-08-2025 00:00,17-08-2025 00:00,5.97,20.73,15.87,0.27,6.56,0.28,8.47,0.01,26.36,65.84,0.35,94.67,None,21.58
17-08-2025 00:00,18-08-2025 00:00,3.81,13.41,15.66,0.22,6.66,0.28,8.29,0.01,26.22,68.4,0.35,94,None,21.52
18-08-2025 00:00,19-08-2025 00:00,2.86,14.61,15.71,0.24,6.79,0.26,8.2,0.05,26.23,86.02,0.34,95.25,None,20.5
19-08-2025 00:00,20-08-2025 00:00,3.59,24.12,15.28,0.21,7.17,0.3,8.78,0.05,26.13,53.02,0.46,86,None,21.02
20-08-2025 00:00,21-08-2025 00:00,5.41,27.48,15.32,0.27,7.38,0.29,8.88,0.05,26.13,27.78,0.45,92.75,None,21.86
21-08-2025 00:00,22-08-2025 00:00,7.61,32.45,16.72,0.33,7.24,0.39,8.31,0.07,26.11,27.35,0.32,None,None,22.08
22-08-2025 00:00,23-08-2025 00:00,7.57,30.29,16.48,0.45,7.08,0.4,8.09,0.03,26.47,29.33,0.28,79.5,None,23.59
23-08-2025 00:00,24-08-2025 00:00,8.03,31.51,16.01,0.44,7.22,0.31,8.21,0.05,26.17,37.16,0.31,99,None,23.11
24-08-2025 00:00,25-08-2025 00:00,6.06,24.3,15.8,0.42,6.79,0.3,8.17,0.03,26.14,27.94,0.31,None,None,23.16
25-08-2025 00:00,26-08-2025 00:00,6.73,28.12,16.25,0.48,7.5,0.42,8.19,0.07,26.21,29.92,0.31,None,None,22.57
26-08-2025 00:00,27-08-2025 00:00,8.46,28.07,16.22,0.48,7.16,0.31,7.99,0.04,26.17,29.08,0.38,83,None,22.72
27-08-2025 00:00,28-08-2025 00:00,4.31,15.06,15.58,0.52,6.41,0.38,7.71,0.01,26.34,48.74,0.36,None,None,21.73
28-08-2025 00:00,29-08-2025 00:00,4.48,15.42,15.11,0.54,6.57,0.42,7.64,0.02,26.26,36.84,0.39,97,None,22.39
29-08-2025 00:00,30-08-2025 00:00,8.78,21.34,15.6,0.57,6.94,0.33,7.91,0,26.38,26.57,0.43,95,None,22.88
30-08-2025 00:00,31-08-2025 00:00,6.83,25.73,15.39,0.59,6.49,0.32,7.77,0,26.12,48.24,0.41,93.5,None,23.38
31-08-2025 00:00,01-09-2025 00:00,5.87,21.44,15.4,0.58,6.63,0.38,7.62,0,26.18,71.84,0.36,None,None,23.05
01-09-2025 00:00,02-09-2025 00:00,5.26,25.02,15.3,0.66,6.4,0.33,7.72,0.02,26.3,72.05,0.36,84.5,None,22.4
02-09-2025 00:00,03-09-2025 00:00,6.61,24.06,15.91,0.66,6.67,0.37,7.46,0.02,26.37,75.55,0.33,95,None,21.76
03-09-2025 00:00,04-09-2025 00:00,5.12,15.55,15.65,0.67,5.81,0.35,7.51,0,26.38,76.07,0.32,96,None,21.49
04-09-2025 00:00,05-09-2025 00:00,4.89,19.08,14.83,0.7,6.93,0.39,8.01,0.02,26.23,70.12,0.35,85.42,None,22.58
05-09-2025 00:00,06-09-2025 00:00,9.03,32.01,16.46,0.64,6.17,0.4,7.58,0.02,26.25,66.53,0.32,85.5,None,23.07
06-09-2025 00:00,07-09-2025 00:00,7.52,21.51,16.47,0.68,6.5,0.33,7.54,0.02,26.53,71.54,0.31,79.67,None,22.74
07-09-2025 00:00,08-09-2025 00:00,None,21.19,15.54,0.63,6.57,0.33,7.76,0.01,26.18,68.32,0.27,92,None,None
08-09-2025 00:00,09-09-2025 00:00,8.71,28.43,11.41,1.05,7.29,0.32,14.37,0.02,26.17,58.3,0.26,None,None,25.65
09-09-2025 00:00,10-09-2025 00:00,14.03,48.1,16.06,1.26,6.46,0.71,9.33,0.03,26.9,61.71,0.25,None,None,23.8
10-09-2025 00:00,11-09-2025 00:00,14.62,42.35,15.44,1.25,6.14,0.4,8.86,0.06,26.55,65.38,0.27,89,None,24.31
11-09-2025 00:00,12-09-2025 00:00,9.54,30.34,12.83,1.35,6.86,0.41,9.51,0.01,27.11,71.03,0.25,95.5,None,22.11
12-09-2025 00:00,13-09-2025 00:00,12.32,41.26,14.5,1.1,7.08,0.37,7.75,0.02,26.24,63.16,0.25,None,None,22.99
13-09-2025 00:00,14-09-2025 00:00,17.33,45.57,16.21,1.15,6.5,0.4,7.81,0.04,26.26,64.92,0.28,97.5,None,22.97
14-09-2025 00:00,15-09-2025 00:00,9.89,30.15,15.97,1.1,4.81,0.34,7.6,0.03,26.38,62.32,0.34,91,None,23.15
15-09-2025 00:00,16-09-2025 00:00,8.59,26.05,15.43,1.08,4.04,0.41,7.62,0.01,26.2,64.06,0.32,94,None,23.3
16-09-2025 00:00,17-09-2025 00:00,6.39,21.91,16.21,1.06,4.85,0.35,7.42,0,26.18,66.66,0.31,94,None,22.92
17-09-2025 00:00,18-09-2025 00:00,5.27,16.59,16.52,1.08,4.49,0.45,7.26,0.01,26.62,67.88,0.27,92,None,22.67
18-09-2025 00:00,19-09-2025 00:00,3.85,10,15.92,1.14,6.31,0.37,7.39,0,26.99,73.25,0.27,95,None,22.2
19-09-2025 00:00,20-09-2025 00:00,6.15,18.64,16.08,1.05,4.87,0.44,7.39,0,26.35,73.6,0.25,97,None,21.64
20-09-2025 00:00,21-09-2025 00:00,8.76,28.94,15.55,1.11,3.58,0.4,7.4,0.01,26.76,63.93,0.28,None,None,22.66
21-09-2025 00:00,22-09-2025 00:00,6.21,25.02,15.3,1.05,4.51,0.33,7.49,0.01,26.43,61.76,0.31,None,None,22.86
22-09-2025 00:00,23-09-2025 00:00,3.97,20.82,14.25,1.44,3.85,0.39,8.65,0,27.1,63.87,0.32,None,None,23.22
23-09-2025 00:00,24-09-2025 00:00,3.35,16.73,14.83,1.01,3.78,0.46,7.29,0,26.44,63.15,0.32,95.33,None,22.52
24-09-2025 00:00,25-09-2025 00:00,5.71,25.45,13.51,1.09,4.2,0.39,9.75,0.01,26.31,66.05,0.3,None,None,21.81
25-09-2025 00:00,26-09-2025 00:00,6.58,19.92,15.85,1.04,4.77,0.39,7.32,0.01,26.38,60.29,0.35,90,None,22.82
26-09-2025 00:00,27-09-2025 00:00,6.14,20.21,15.35,1.04,4.66,0.4,7.42,0,26.48,60.74,0.39,None,None,22.38
27-09-2025 00:00,28-09-2025 00:00,5.45,21.19,15.9,1,5.21,0.34,7.33,0,26.47,63.44,0.43,None,None,21.9
28-09-2025 00:00,29-09-2025 00:00,5.17,19.41,16.46,0.97,4.49,0.42,7.39,0,26.43,62.54,0.44,95,None,22.4
29-09-2025 00:00,30-09-2025 00:00,6.92,25.18,15.9,0.98,4,0.36,7.51,0,26.43,60.12,0.47,98,None,22.51
30-09-2025 00:00,30-09-2025 19:12,7.26,33.86,13.46,1.02,5.37,0.4,10.56,0,26.17,47.35,0.39,None,None,22.76
